"","qds","year","iso_code","collector","number","family","species","sp_code","lat","long","pathway","weight","d.15NAIR","d.13CVPDB","X.N","X.C","C.N","d13_atmos","delta.disc","wetstart","wetend","wetlength","wetrain","wetdaily","wetlambda"
"1","2231CA",1971,322,"Stephen; Oakes","217; 1503","Poaceae","Digitaria eriantha","DE",-22.4156,31.0057,"C4",1.74,NA,-11.1,0.9,46.1,49,-7.3475,3.794620285,136,249,113,369.203728070175,10.4661537988666,14.7888899504718
"2","2231CA",1971,324,"Stephen; Oakes","204; 1464","Poaceae","Digitaria eriantha","DE",-22.4413,31.0601,"C4",1.723,NA,-11.3,0.9,45.7,49,-7.3475,3.997673713,136,249,113,369.203728070175,10.4661537988666,14.7888899504718
"3","2231CA",2005,323,"Morrison, E; Klasen, M","4","Poaceae","Digitaria eriantha","DE",22.4227,-22.4227,"C4",1.718,6.8,-13.6,2.1,47.3,22.5,-8.206351483,5.4680135,136,249,113,369.203728070175,10.4661537988666,14.7888899504718
"4","2231CA",2005,325,"Hauser, JR; Vaughan, AK","s.n.","Poaceae","Digitaria eriantha","DE",22.4129,-22.4129,"C4",1.694,NA,-13,1.5,45.8,30.6,-8.206351483,4.856786744,136,249,113,369.203728070175,10.4661537988666,14.7888899504718
"5","2331DC",2007,326,"Bouchenak-Khelladi, Y","YBK 235","Poaceae","Digitaria eriantha","DE",-23.5233,31.3504,"C4",1.828,1.3,-13.1,1.8,41.8,23.5,-8.26651815,4.897640946,126,238,112,418.774476190476,9.28140171514441,17.5826903727368
"6","2331DC",1971,327,"Stephen; Oakes","188; 1436","Poaceae","Digitaria eriantha","DE",-23.473,31.345,"C4",1.785,1.4,-11.2,1.9,45.6,24.4,-7.3475,3.896136731,126,238,112,418.774476190476,9.28140171514441,17.5826903727368
"7","2428DA",1972,304,"Ellis, R.P.","1025","Poaceae","Digitaria eriantha","DE",-24.625,28.625,"C4",1.672,NA,-11.5,1.6,45.7,29.1,-7.356,4.19221042,123,262,140,536.318939393939,3.97731409349948,14.0773110188647
"8","2428DA",1929,306,"Donisthorpe, A.","1","Poaceae","Digitaria eriantha","DE",-24.625,28.625,"C4",1.827,4.6,-10.2,2.4,47.2,19.6,-6.841285714,3.393326213,123,262,140,536.318939393939,3.97731409349948,14.0773110188647
"9","2428DA",1919,309,"Galpin, E.E.","393","Poaceae","Digitaria eriantha","DE",-24.625,28.625,"C4",1.988,NA,-9.9,1.5,42.7,29.4,-6.94453502,2.985016645,123,262,140,536.318939393939,3.97731409349948,14.0773110188647
"10","2428DA",1975,307,"Du Toit, P.C.V.","483","Poaceae","Digitaria eriantha","DE",-24.625,28.625,"C4",1.93,NA,-11.2,0.5,48.1,91.2,-7.417666667,3.825175297,123,262,140,536.318939393939,3.97731409349948,14.0773110188647
"11","2428DA",1975,308,"Du Toit, P.C.V.","595","Poaceae","Digitaria eriantha","DE",-24.625,28.625,"C4",1.728,NA,-10.7,0.6,46.3,77.1,-7.417666667,3.317834159,123,262,140,536.318939393939,3.97731409349948,14.0773110188647
"12","2428DA",1975,305,"Du Toit, P.C.V.","526","Poaceae","Digitaria eriantha","DE",-24.625,28.625,"C4",1.771,5.2,-10.5,1.9,46.3,23.9,-7.417666667,3.115041267,123,262,140,536.318939393939,3.97731409349948,14.0773110188647
"13","2429AA",1968,279,"Huntley, B.J.","972","Poaceae","Digitaria eriantha","DE",-24.125,29.125,"C4",1.688,NA,-10.2,1.7,46.9,28.2,-7.336012423,2.893501291,122,263,140,523.960126582278,3.90751651454031,15.332964062957
"14","2429AA",1968,285,"Huntley, B.J.","1193","Poaceae","Digitaria eriantha","DE",-24.125,29.125,"C4",1.665,NA,-12,1.8,45,24.8,-7.336012423,4.7206352,122,263,140,523.960126582278,3.90751651454031,15.332964062957
"15","2429AA",1921,281,"Knothe, C.","PRE 7960","Poaceae","Digitaria eriantha","DE",-24.125,29.125,"C4",1.863,1.7,-11,2.1,46.3,22.3,-6.89513872,4.150516966,122,263,140,523.960126582278,3.90751651454031,15.332964062957
"16","2429AA",1909,277,"Huntley, B.J.","1018","Poaceae","Digitaria eriantha","DE",-24.125,29.125,"C4",1.687,NA,-10.4,1.2,44,37.1,-6.867665308,3.569457045,122,263,140,523.960126582278,3.90751651454031,15.332964062957
"17","2429AA",1967,283,"Huntley, B.J.","1556","Poaceae","Digitaria eriantha","DE",-24.125,29.125,"C4",1.8,0.2,-11.9,2,47.3,23.8,-7.333,4.622001822,122,263,140,523.960126582278,3.90751651454031,15.332964062957
"18","2429AA",1967,282,"Ellis, R.P.","2050","Poaceae","Digitaria eriantha","DE",-24.125,29.125,"C4",1.868,2.1,-10.3,1.8,48,26.9,-7.333,2.997878145,122,263,140,523.960126582278,3.90751651454031,15.332964062957
"19","2429AA",1974,280,"Leendertz, R.","1887","Poaceae","Digitaria eriantha","DE",-24.125,29.125,"C4",1.779,NA,-9.6,1.7,45.4,26.4,-7.483,2.137520194,122,263,140,523.960126582278,3.90751651454031,15.332964062957
"20","2429AA",1929,284,"Galpin, E.E.","8874","Poaceae","Digitaria eriantha","DE",-24.125,29.125,"C4",1.639,3.5,-10.5,2.4,44.3,18.3,-6.841285714,3.697538439,122,263,140,523.960126582278,3.90751651454031,15.332964062957
"21","2429AA",1974,278,"Wilson, D.","PFS 12","Poaceae","Digitaria eriantha","DE",-24.125,29.125,"C4",1.669,NA,-11.5,1.4,48.1,33.6,-7.483,4.063732929,122,263,140,523.960126582278,3.90751651454031,15.332964062957
"22","2429AA",1974,276,"Wilson, D.","PFS12A","Poaceae","Digitaria eriantha","DE",-24.125,29.125,"C4",1.66,NA,-10.6,1.7,48.1,28.8,-7.483,3.150394178,122,263,140,523.960126582278,3.90751651454031,15.332964062957
"23","2430AA",1978,274,"du Toit, G.J.","118","Poaceae","Digitaria eriantha","DE",-24.125,30.125,"C4",1.841,7.7,-11.4,2.7,48.8,18.2,-7.502,3.942949626,123,257,134,738.226,6.45753059895216,11.7146414127472
"24","2430AA",1919,270,"Junod, H.A.","4086","Poaceae","Digitaria eriantha","DE",-24.125,30.125,"C4",1.552,NA,-9.4,1.2,46.1,38.8,-6.94453502,2.478765375,123,257,134,738.226,6.45753059895216,11.7146414127472
"25","2430AA",1978,272,"du Toit, G.J.","140","Poaceae","Digitaria eriantha","DE",-24.125,30.125,"C4",1.85,2.9,-11.7,2.4,46.6,19.6,-7.502,4.247698067,123,257,134,738.226,6.45753059895216,11.7146414127472
"26","2430AA",1984,273,"du Toit, G.J.","1003","Poaceae","Digitaria eriantha","DE",-24.125,30.125,"C4",1.741,1.7,-12.6,1.8,47.1,25.7,-7.6955,4.967085274,123,257,134,738.226,6.45753059895216,11.7146414127472
"27","2430AA",1979,271,"du Toit, G.J.","224","Poaceae","Digitaria eriantha","DE",-24.125,30.125,"C4",1.569,NA,-12.1,2,45.5,23.2,-7.539666667,4.616189223,123,257,134,738.226,6.45753059895216,11.7146414127472
"28","2430AA",1983,269,"du Toit, G.J.","1000","Poaceae","Digitaria eriantha","DE",-24.125,30.125,"C4",1.68,5.2,-11.9,2.3,44.1,19,-7.65725,4.293846777,123,257,134,738.226,6.45753059895216,11.7146414127472
"29","2430AA",1983,268,"du Toit, G.J.","1002","Poaceae","Digitaria eriantha","DE",-24.125,30.125,"C4",1.686,NA,-12.7,1.6,45.5,27.9,-7.65725,5.107616733,123,257,134,738.226,6.45753059895216,11.7146414127472
"30","2430DD",1983,255,"Ellis, R.P.","4314","Poaceae","Koeleria capensis","KC",-24.875,30.875,"C3",1.865,0.6,-24.9,1.9,47,25.2,-7.65725,17.68305815,121,263,141,1032.47608225108,7.75861891476606,17.7124464703634
"31","2430DD",1979,254,"Kluge, J.P.","1964","Poaceae","Koeleria capensis","KC",-24.875,30.875,"C3",1.786,3.3,-27.1,2,45.4,22.6,-7.539666667,20.10518381,121,263,141,1032.47608225108,7.75861891476606,17.7124464703634
"32","2430DD",1951,257,"Codd, L.E.W.","6718","Poaceae","Koeleria capensis","KC",-24.875,30.875,"C3",1.862,NA,-27.4,1.3,45.7,36.5,-6.993443595,20.98144808,121,263,141,1032.47608225108,7.75861891476606,17.7124464703634
"33","2430DD",1988,267,"Saayman, E.J.L.","90","Poaceae","Koeleria capensis","KC",-24.875,30.875,"C3",1.806,NA,-27.9,1.2,45.4,37.1,-7.804333333,20.67242739,121,263,141,1032.47608225108,7.75861891476606,17.7124464703634
"34","2430DD",1988,256,"Saayman, E.J.L.","91","Poaceae","Koeleria capensis","KC",-24.875,30.875,"C3",1.775,NA,-27.4,1,44.9,45.1,-7.804333333,20.14771403,121,263,141,1032.47608225108,7.75861891476606,17.7124464703634
"35","2430DD",2004,253,"de Wet, S.F.","863","Poaceae","Koeleria capensis","KC",-24.87055556,30.8425,"C3",1.956,2.6,-27.1,2.2,47.1,21.6,-8.176351483,19.45076423,121,263,141,1032.47608225108,7.75861891476606,17.7124464703634
"36","2431DC",1971,328,"Stephen; Oakes","172;1415","Poaceae","Digitaria eriantha","DE",-24.544,31.424,"C4",1.925,4.3,-10.4,2.2,46.2,21,-7.3475,3.084579628,133,258,126,518.456306306306,10.5115291953912,15.8104456679589
"37","2431DC",2005,330,"Policzer, JT","10","Poaceae","Digitaria eriantha","DE",-24.594,31.3541,"C4",1.727,NA,-13.5,0.5,40.1,78.9,-8.206351483,5.366090742,133,258,126,518.456306306306,10.5115291953912,15.8104456679589
"38","2431DC",2003,331,"Pettit, N","61","Poaceae","Digitaria eriantha","DE",24.5753,-24.5753,"C4",1.63,NA,-14.2,1.8,45.9,25.7,-8.15301815,6.134085869,133,258,126,518.456306306306,10.5115291953912,15.8104456679589
"39","2528CA",1905,48,"Burtt Davy, J.","3802","Poaceae","Hyparrhenia hirta","HH",-25.625,28.125,"C4",1.546,5.7,-11.1,1.7,39.5,23,-6.829,4.318940237,117,267,150,596.847389558233,4.12474711540425,12.3957480950347
"40","2528CA",1953,39,"de Wet","23A","Poaceae","Digitaria eriantha","DE",-25.625,28.125,"C4",1.847,3.2,-10.1,1.3,41.7,33,-7.010270232,3.121254438,117,267,150,596.847389558233,4.12474711540425,12.3957480950347
"41","2528CA",1929,2,"Skea, D.","21","Poaceae","Digitaria eriantha","DE",-25.625,28.125,"C4",1.973,4.1,-10.9,2.5,44.4,17.6,-6.841285714,4.103441801,117,267,150,596.847389558233,4.12474711540425,12.3957480950347
"42","2528CA",1929,35,"Skea, D.","65","Poaceae","Digitaria eriantha","DE",-25.625,28.125,"C4",1.764,2.7,-10.6,1.2,41.1,35,-6.841285714,3.798983511,117,267,150,596.847389558233,4.12474711540425,12.3957480950347
"43","2528CA",1936,25,"Chippindall, L.K.A.","240","Poaceae","Hyparrhenia hirta","HH",-25.625,28.125,"C4",1.795,3.8,-11,1.9,39.8,20.6,-6.939,4.106167846,117,267,150,596.847389558233,4.12474711540425,12.3957480950347
"44","2528CA",1978,46,"Manders, R.","1","Poaceae","Hyparrhenia hirta","HH",-25.625,28.125,"C4",1.945,1.5,-12.1,1,42.6,41.3,-7.502,4.654317239,117,267,150,596.847389558233,4.12474711540425,12.3957480950347
"45","2528CA",1932,33,"Smith, C.A.","6248","Poaceae","Digitaria eriantha","DE",-25.625,28.125,"C4",1.717,6.3,-10.9,2.4,41.8,17.5,-6.906,4.038014356,117,267,150,596.847389558233,4.12474711540425,12.3957480950347
"46","2528CA",1932,37,"Smith, C.A.","6070","Poaceae","Digitaria eriantha","DE",-25.625,28.125,"C4",1.676,3.4,-10.7,2,42.7,21,-6.906,3.835034873,117,267,150,596.847389558233,4.12474711540425,12.3957480950347
"47","2528CA",1932,44,"Smith, C.A.","6078","Poaceae","Digitaria eriantha","DE",-25.625,28.125,"C4",1.983,4.4,-10.4,1.7,42.8,25.6,-6.906,3.530719483,117,267,150,596.847389558233,4.12474711540425,12.3957480950347
"48","2528CA",1971,19,"Hanekom, W.J.","1706","Poaceae","Hyparrhenia hirta","HH",-25.625,28.125,"C4",1.87,8.7,-10.5,1.3,43.2,32.4,-7.3475,3.185952501,117,267,150,596.847389558233,4.12474711540425,12.3957480950347
"49","2528CA",1913,47,"Theiler","TRV 26678","Poaceae","Digitaria eriantha","DE",-25.625,28.125,"C4",1.845,7.2,-10.3,1.9,40.5,21.7,-6.867,3.468727897,117,267,150,596.847389558233,4.12474711540425,12.3957480950347
"50","2528CA",1932,5,"Cronje, T.","12","Poaceae","Hyparrhenia hirta","HH",-25.625,28.125,"C4",1.675,3.8,-10.8,1.3,40.6,31.4,-6.906,3.936514355,117,267,150,596.847389558233,4.12474711540425,12.3957480950347
"51","2528CA",1932,18,"Smith, C.A.","6122","Poaceae","Digitaria eriantha","DE",-25.625,28.125,"C4",1.857,4.4,-10.5,1.8,42.9,23.3,-6.906,3.632137443,117,267,150,596.847389558233,4.12474711540425,12.3957480950347
"52","2528CA",1932,36,"Mogg, A.O.D.","12329","Poaceae","Digitaria eriantha","DE",-25.625,28.125,"C4",1.701,7.3,-11.1,1.6,43.6,27.9,-6.906,4.241075943,117,267,150,596.847389558233,4.12474711540425,12.3957480950347
"53","2528CA",1932,30,"Smith, C.A.","6137","Poaceae","Digitaria eriantha","DE",-25.625,28.125,"C4",1.945,4,-10.9,1.5,40,27.3,-6.906,4.038014356,117,267,150,596.847389558233,4.12474711540425,12.3957480950347
"54","2528CA",1952,32,"de Wet","20","Poaceae","Digitaria eriantha","DE",-25.625,28.125,"C4",1.857,5.4,-10.8,2,39.9,20.1,-6.996541783,3.844984045,117,267,150,596.847389558233,4.12474711540425,12.3957480950347
"55","2528CA",1932,14,"Smith, C.A.","6059","Poaceae","Digitaria eriantha","DE",-25.625,28.125,"C4",1.673,1.3,-9.6,1.6,42.5,26.9,-6.906,2.720113086,117,267,150,596.847389558233,4.12474711540425,12.3957480950347
"56","2528CA",1956,10,"de Wet","1469","Poaceae","Digitaria eriantha","DE",-25.625,28.125,"C4",1.762,2.3,-10.1,1.8,42.6,23.4,-7.064993826,3.065972497,117,267,150,596.847389558233,4.12474711540425,12.3957480950347
"57","2528CA",1932,22,"Smith, C.A.","6249","Poaceae","Digitaria eriantha","DE",-25.625,28.125,"C4",1.901,4.7,-10.7,1.6,40.8,25.1,-6.906,3.835034873,117,267,150,596.847389558233,4.12474711540425,12.3957480950347
"58","2528CA",1932,11,"Smith, C.A.","6079","Poaceae","Digitaria eriantha","DE",-25.625,28.125,"C4",1.847,5.6,-11.1,1.8,41.8,23.1,-6.906,4.241075943,117,267,150,596.847389558233,4.12474711540425,12.3957480950347
"59","2528CA",1932,12,"Mogg, A.O.D.","12348","Poaceae","Hyparrhenia hirta","HH",-25.625,28.125,"C4",1.718,2.3,-11.7,0.9,40.5,43.7,-6.906,4.85075382,117,267,150,596.847389558233,4.12474711540425,12.3957480950347
"60","2528CA",1932,17,"Mogg, A.O.D.","12331","Poaceae","Digitaria eriantha","DE",-25.625,28.125,"C4",1.632,3.7,-11.6,1.5,42.9,29.2,-6.906,4.749089437,117,267,150,596.847389558233,4.12474711540425,12.3957480950347
"61","2528CA",1983,9,"Smook, L.","4761","Poaceae","Digitaria eriantha","DE",-25.625,28.125,"C4",1.837,3.2,-11.8,2,43.5,22,-7.65725,4.192218174,117,267,150,596.847389558233,4.12474711540425,12.3957480950347
"62","2528CA",1932,38,"Mogg, A.O.D.","12330","Poaceae","Digitaria eriantha","DE",-25.625,28.125,"C4",1.651,6.8,-9.5,2.5,43.5,17.3,-6.906,2.618879354,117,267,150,596.847389558233,4.12474711540425,12.3957480950347
"63","2528CA",1926,50,"Smith, C.A.","2296","Poaceae","Digitaria eriantha","DE",-25.625,28.125,"C4",1.823,12.2,-10.5,3.3,44.1,13.5,-6.966800343,3.570691922,117,267,150,596.847389558233,4.12474711540425,12.3957480950347
"64","2528CA",1936,6,"Mogg, A.O.D.","13715","Poaceae","Digitaria eriantha","DE",-25.625,28.125,"C4",1.703,3.4,-10.4,1.2,41.2,33.1,-6.939,3.497372676,117,267,150,596.847389558233,4.12474711540425,12.3957480950347
"65","2528CA",1919,53,"Stent, S.M.","PRE 19939","Poaceae","Hyparrhenia hirta","HH",-25.625,28.125,"C4",1.738,5.9,-10.2,1.2,42,35.7,-6.94453502,3.289012912,117,267,150,596.847389558233,4.12474711540425,12.3957480950347
"66","2528CA",1912,24,"Theiler, A.C.","TRV 12020","Poaceae","Digitaria eriantha","DE",-25.625,28.125,"C4",1.857,5.5,-10.3,2.2,41.5,19.2,-6.877314958,3.45830559,117,267,150,596.847389558233,4.12474711540425,12.3957480950347
"67","2528CA",1924,26,"Dickson, J.","56","Poaceae","Hyparrhenia hirta","HH",-25.625,28.125,"C4",1.584,2.3,-10.8,1.1,42.5,40.4,-6.887,3.955721795,117,267,150,596.847389558233,4.12474711540425,12.3957480950347
"68","2528CA",1924,45,"Dickson, J.","PRE 54","Poaceae","Digitaria eriantha","DE",-25.625,28.125,"C4",1.907,1.7,-9.5,1.2,42.4,35.9,-6.887,2.638061585,117,267,150,596.847389558233,4.12474711540425,12.3957480950347
"69","2528CA",1972,41,"Ellis, R.P.","1327","Poaceae","Digitaria eriantha","DE",-25.625,28.125,"C4",1.898,6.7,-11.7,1.7,42.9,25.5,-7.356,4.39542649,117,267,150,596.847389558233,4.12474711540425,12.3957480950347
"70","2528CA",1931,3,"Mogg, A.O.D.","16471","Poaceae","Digitaria eriantha","DE",-25.625,28.125,"C4",1.841,2.5,-10.8,1.2,42.1,36.6,-6.9815,3.860190053,117,267,150,596.847389558233,4.12474711540425,12.3957480950347
"71","2528CA",1931,4,"Mogg, A.O.D.","16453","Poaceae","Digitaria eriantha","DE",-25.625,28.125,"C4",1.82,8.8,-10.1,2,50.9,24.8,-6.9815,3.150318214,117,267,150,596.847389558233,4.12474711540425,12.3957480950347
"72","2528CA",1932,42,"Smith, C.A.","6072","Poaceae","Digitaria eriantha","DE",-25.625,28.125,"C4",1.856,5.2,-10.7,1.4,41.1,28.6,-6.906,3.835034873,117,267,150,596.847389558233,4.12474711540425,12.3957480950347
"73","2528CA",1925,16,"Robinson, M.","15","Poaceae","Digitaria eriantha","DE",-25.625,28.125,"C4",1.787,5.5,-11.3,2.2,40,17.9,-6.968,4.381511075,117,267,150,596.847389558233,4.12474711540425,12.3957480950347
"74","2528CA",1964,8,"Oakes, A.C.J.","245","Poaceae","Digitaria eriantha","DE",-25.625,28.125,"C4",1.704,2.6,-11.7,0.4,42,103.8,-7.066939165,4.687909375,117,267,150,596.847389558233,4.12474711540425,12.3957480950347
"75","2528CA",1970,49,"Ellis, R.P.","126","Poaceae","Digitaria eriantha","DE",-25.625,28.125,"C4",1.621,5.3,-11.5,2,42.4,21.6,-7.318156423,4.230494261,117,267,150,596.847389558233,4.12474711540425,12.3957480950347
"76","2528CA",1932,34,"Smith, C.A.","6078B","Poaceae","Digitaria eriantha","DE",-25.625,28.125,"C4",1.653,3.9,-10.3,1.3,42.2,33.4,-6.906,3.429322017,117,267,150,596.847389558233,4.12474711540425,12.3957480950347
"77","2528CA",1944,7,"Wasserfall, E.","PRE 33399","Poaceae","Digitaria eriantha","DE",-25.625,28.125,"C4",1.688,6,-10.9,2.1,42.2,20.4,-7.079100425,3.863006344,117,267,150,596.847389558233,4.12474711540425,12.3957480950347
"78","2528CA",1912,21,"Theiler, A.C.","TRV 12018","Poaceae","Hyparrhenia hirta","HH",-25.625,28.125,"C4",1.684,1.9,-11.3,1.2,41.5,34.9,-6.877314958,4.47323257,117,267,150,596.847389558233,4.12474711540425,12.3957480950347
"79","2528CA",1953,28,"Godfrey, R.K.","SVH1801","Poaceae","Digitaria eriantha","DE",-25.625,28.125,"C4",1.718,6.8,-10.2,1.6,42.9,27.1,-7.010270232,3.222600291,117,267,150,596.847389558233,4.12474711540425,12.3957480950347
"80","2528CA",1932,29,"Smith, C.A.","6133","Poaceae","Digitaria eriantha","DE",-25.625,28.125,"C4",1.874,5.5,-10.8,1.2,42.7,35.6,-6.906,3.936514355,117,267,150,596.847389558233,4.12474711540425,12.3957480950347
"81","2528CA",1972,43,"Ellis, R.P.","1028","Poaceae","Digitaria eriantha","DE",-25.625,28.125,"C4",1.784,1.8,-10.9,2.6,44.5,17.3,-7.356,3.583055303,117,267,150,596.847389558233,4.12474711540425,12.3957480950347
"82","2528CA",1931,1,"Mogg, A.O.D.","16454","Poaceae","Digitaria eriantha","DE",-25.625,28.125,"C4",1.802,5.2,-11.4,2.7,54.1,20.3,-6.9815,4.46945175,117,267,150,596.847389558233,4.12474711540425,12.3957480950347
"83","2528CA",1919,20,"Stent, S.M.","PRE19940","Poaceae","Hyparrhenia hirta","HH",-25.625,28.125,"C4",1.92,4.5,-10.5,0.9,40.9,44.4,-6.94453502,3.593193512,117,267,150,596.847389558233,4.12474711540425,12.3957480950347
"84","2528CA",1932,40,"Smith, C.A.","6238","Poaceae","Digitaria eriantha","DE",-25.625,28.125,"C4",1.531,3,-10.3,1.3,42,32.7,-6.906,3.429322017,117,267,150,596.847389558233,4.12474711540425,12.3957480950347
"85","2528CA",1931,52,"Mogg, A.O.D.","16472","Poaceae","Digitaria eriantha","DE",-25.625,28.125,"C4",1.788,3,-11.3,1.2,43.5,37,-6.9815,4.367856782,117,267,150,596.847389558233,4.12474711540425,12.3957480950347
"86","2528CA",1951,23,"Liebenberg, L.C.C.","348A","Poaceae","Digitaria eriantha","DE",-25.625,28.125,"C4",1.683,5.2,-10.3,1.4,43.3,29.9,-6.993443595,3.340968379,117,267,150,596.847389558233,4.12474711540425,12.3957480950347
"87","2528CA",1908,51,"Leendertz, R.","TRV 3886","Poaceae","Hyparrhenia hirta","HH",-25.625,28.125,"C4",1.642,0.4,-10.2,0.6,43.1,71.7,-6.838275076,3.396367876,117,267,150,596.847389558233,4.12474711540425,12.3957480950347
"88","2528CA",1932,31,"Smith, C.A.","6074","Poaceae","Digitaria eriantha","DE",-25.625,28.125,"C4",1.807,4.5,-10.3,1.8,40.7,22.3,-6.906,3.429322017,117,267,150,596.847389558233,4.12474711540425,12.3957480950347
"89","2528CA",1925,13,"Pole-Evans, I.B.","1528","Poaceae","Digitaria eriantha","DE",-25.625,28.125,"C4",1.651,1,-10.3,0.5,40.8,81.6,-6.968,3.366676771,117,267,150,596.847389558233,4.12474711540425,12.3957480950347
"90","2528CA",1970,27,"Ellis, R.P.","134","Poaceae","Hyparrhenia hirta","HH",-25.625,28.125,"C4",1.955,2.6,-11.5,1,42.1,41.9,-7.318156423,4.230494261,117,267,150,596.847389558233,4.12474711540425,12.3957480950347
"91","2528CB",1973,111,"Ellis, R.P.","1778","Poaceae","Digitaria eriantha","DE",-25.625,28.375,"C4",1.777,3.8,-11.9,1.1,41.4,36.2,-7.39275,4.561532234,117,263,146,577.614814814815,4.03435535894242,12.8196704180177
"92","2528CB",1975,117,"Du Toit, P.C.V.","715","Poaceae","Hyparrhenia hirta","HH",-25.625,28.375,"C4",1.896,4.3,-11.4,1.2,43.5,36,-7.417666667,4.028255445,117,263,146,577.614814814815,4.03435535894242,12.8196704180177
"93","2528CB",1930,116,"Goossens, A.P.G.","128","Poaceae","Hyparrhenia hirta","HH",-25.625,28.375,"C4",1.671,4.7,-10.7,1,42.3,43.2,-6.933243381,3.807496835,117,263,146,577.614814814815,4.03435535894242,12.8196704180177
"94","2528CB",2004,114,"Smook, L.","11433","Poaceae","Digitaria eriantha","DE",-25.73861111,28.27944444,"C4",1.732,1.9,-12.5,1.4,42.7,30.2,-8.176351483,4.378378245,117,263,146,577.614814814815,4.03435535894242,12.8196704180177
"95","2528CB",1986,118,"Joffe, H.","5","Poaceae","Hyparrhenia hirta","HH",-25.625,28.375,"C4",1.694,-0.5,-14.1,0.8,43.9,51.7,-7.734,6.457044325,117,263,146,577.614814814815,4.03435535894242,12.8196704180177
"96","2528CB",1980,113,"Balsinhas, A.A.","3463","Poaceae","Hyparrhenia hirta","HH",-25.625,28.375,"C4",1.838,7.3,-11.7,2,42.1,21.6,-7.5705,4.178387129,117,263,146,577.614814814815,4.03435535894242,12.8196704180177
"97","2528CB",1970,108,"Ellis, R.P.","158","Poaceae","Hyparrhenia hirta","HH",-25.625,28.375,"C4",1.955,4.1,-10.8,0.6,42.9,77.4,-7.318156423,3.519858044,117,263,146,577.614814814815,4.03435535894242,12.8196704180177
"98","2528CB",1983,109,"Smook, L.","4795","Poaceae","Hyparrhenia hirta","HH",-25.625,28.375,"C4",1.876,4.3,-11.1,1.5,43.3,28.3,-7.65725,3.481393467,117,263,146,577.614814814815,4.03435535894242,12.8196704180177
"99","2528CB",1979,112,"van Rooyen, N.","2529","Poaceae","Digitaria eriantha","DE",-25.625,28.375,"C4",1.762,3,-11.9,0.5,45.2,91.1,-7.539666667,4.412846203,117,263,146,577.614814814815,4.03435535894242,12.8196704180177
"100","2528CB",1975,119,"Du Toit, P.C.V.","717","Poaceae","Hyparrhenia hirta","HH",-25.625,28.375,"C4",1.741,-1.5,-11.7,0.9,41.5,48.5,-7.417666667,4.333029782,117,263,146,577.614814814815,4.03435535894242,12.8196704180177
"101","2528CB",1972,110,"Ellis, R.P.","1122","Poaceae","Digitaria eriantha","DE",-25.625,28.375,"C4",1.869,3,-10.9,0.9,42.9,45.7,-7.356,3.583055303,117,263,146,577.614814814815,4.03435535894242,12.8196704180177
"102","2528CC",1925,145,"Hector, J.","1010","Poaceae","Digitaria eriantha","DE",-25.875,28.125,"C4",1.894,4.4,-10.6,2.1,43.5,20.8,-6.968,3.670911664,111,263,152,628.327743902439,4.27547432107503,11.6883379102386
"103","2528CC",1928,150,"Bevan, N.","PRE 7602","Poaceae","Digitaria eriantha","DE",-25.875,28.125,"C4",1.94,4.5,-10.8,1.6,43.4,26.4,-6.8392439,4.003999293,111,263,152,628.327743902439,4.27547432107503,11.6883379102386
"104","2528CC",1985,130,"Ekokonsult","33-41","Poaceae","Hyparrhenia hirta","HH",-25.875,28.125,"C4",1.927,1.3,-12.1,1.8,43.4,24.6,-7.706,4.447818605,111,263,152,628.327743902439,4.27547432107503,11.6883379102386
"105","2528CC",1925,148,"Hector, J.","1011","Poaceae","Hyparrhenia hirta","HH",-25.875,28.125,"C4",1.899,4,-9.7,1.2,42.1,34,-6.968,2.758759972,111,263,152,628.327743902439,4.27547432107503,11.6883379102386
"106","2528CC",1921,136,"Pole-Evans, I.B.","217","Poaceae","Digitaria eriantha","DE",-25.875,28.125,"C4",1.693,4.9,-10.7,1.6,43,27.2,-6.89513872,3.846013626,111,263,152,628.327743902439,4.27547432107503,11.6883379102386
"107","2528CC",1903,135,"Burtt Davy, J.","33","Poaceae","Hyparrhenia hirta","HH",-25.875,28.125,"C4",1.851,3.5,-11,1.1,45.2,41.4,-6.765,4.282103134,111,263,152,628.327743902439,4.27547432107503,11.6883379102386
"108","2528CC",1931,134,"Obermeyer, A.A.","TRV 29134","Poaceae","Digitaria eriantha","DE",-25.875,28.125,"C4",1.882,5,-11.1,2,43,21.2,-6.9815,4.164728486,111,263,152,628.327743902439,4.27547432107503,11.6883379102386
"109","2528CC",1922,149,"Pole-Evans, I.B.","427","Poaceae","Digitaria eriantha","DE",-25.875,28.125,"C4",1.961,3.4,-10.2,1.2,43.3,34.7,-6.857960447,3.376479645,111,263,152,628.327743902439,4.27547432107503,11.6883379102386
"110","2528CC",1974,132,"Kok, P.D.F.","518","Poaceae","Digitaria eriantha","DE",-25.875,28.125,"C4",1.813,0,-10.8,1.1,44.2,40.4,-7.483,3.353214719,111,263,152,628.327743902439,4.27547432107503,11.6883379102386
"111","2528CC",1917,142,"Pole-Evans, I.B.","130","Poaceae","Digitaria eriantha","DE",-25.875,28.125,"C4",1.761,6.3,-9.6,1.2,42.3,33.9,-6.919656769,2.70632394,111,263,152,628.327743902439,4.27547432107503,11.6883379102386
"112","2528CC",1925,137,"McClean, A.P.D.","20","Poaceae","Digitaria eriantha","DE",-25.875,28.125,"C4",1.711,2.5,-10,2.5,45,18.3,-6.968,3.062626263,111,263,152,628.327743902439,4.27547432107503,11.6883379102386
"113","2528CC",1929,138,"Mogg, A.O.D.","PRE 7969","Poaceae","Digitaria eriantha","DE",-25.875,28.125,"C4",1.966,1.7,-10.5,1.9,43.7,22.9,-6.841285714,3.697538439,111,263,152,628.327743902439,4.27547432107503,11.6883379102386
"114","2528CC",1929,151,"Stent, S.M.","PRE 8088","Poaceae","Digitaria eriantha","DE",-25.875,28.125,"C4",1.803,4.2,-10.6,1.6,42.2,25.7,-6.841285714,3.798983511,111,263,152,628.327743902439,4.27547432107503,11.6883379102386
"115","2528CC",1929,131,"Skea, D.","69","Poaceae","Hyparrhenia hirta","HH",-25.875,28.125,"C4",1.621,2,-10.3,2.3,44.4,19.5,-6.841285714,3.494709797,111,263,152,628.327743902439,4.27547432107503,11.6883379102386
"116","2528CC",1997,133,"Riddles, L.M.D.","34","Poaceae","Hyparrhenia hirta","HH",-25.875,28.125,"C4",1.691,1.5,-12.7,0.6,43,66.9,-8.00226815,4.758160488,111,263,152,628.327743902439,4.27547432107503,11.6883379102386
"117","2528CC",1953,143,"Godfrey, R.K.","SH 1794","Poaceae","Digitaria eriantha","DE",-25.875,28.125,"C4",1.785,6.1,-11.4,1.9,43.8,23,-7.010270232,4.440349755,111,263,152,628.327743902439,4.27547432107503,11.6883379102386
"118","2528CC",1925,147,"McClean, A.P.D.","31","Poaceae","Hyparrhenia hirta","HH",-25.875,28.125,"C4",1.854,4.1,-10.4,1.9,46.1,23.9,-6.968,3.468067906,111,263,152,628.327743902439,4.27547432107503,11.6883379102386
"119","2528CC",1934,144,"Pole-Evans, I.B.","3690","Poaceae","Hyparrhenia hirta","HH",-25.875,28.125,"C4",1.85,4.3,-10.3,1.4,45.7,32,-6.961154178,3.373593838,111,263,152,628.327743902439,4.27547432107503,11.6883379102386
"120","2528CC",1974,140,"Kok, P.D.F.","517","Poaceae","Digitaria eriantha","DE",-25.875,28.125,"C4",1.74,2.7,-11.9,1.2,43.1,36.4,-7.483,4.470195324,111,263,152,628.327743902439,4.27547432107503,11.6883379102386
"121","2528CC",1922,146,"Pole-Evans, I.B.","342","Poaceae","Hyparrhenia hirta","HH",-25.875,28.125,"C4",1.835,4.3,-10.6,1.3,45.7,36,-6.857960447,3.782130132,111,263,152,628.327743902439,4.27547432107503,11.6883379102386
"122","2528CC",1997,139,"Riddles, L.M.D.","46","Poaceae","Hyparrhenia hirta","HH",-25.875,28.125,"C4",1.834,3.4,-12.2,1.1,44.6,39.8,-8.00226815,4.249576686,111,263,152,628.327743902439,4.27547432107503,11.6883379102386
"123","2529CD",1904,275,"Burtt Davy, J.","PRE 1283","Poaceae","Digitaria eriantha","DE",-25.875,29.375,"C4",1.744,0.7,-9.7,1.9,45.7,24.1,-6.800354561,2.928047499,114,261,147,630.8,4.3246894870314,10.8577193352539
"124","2530AC",1988,259,"Saayman, E.J.L.","112","Poaceae","Koeleria capensis","KC",-25.375,30.125,"C3",1.908,NA,-25.9,1.6,46.3,29,-7.804333333,18.57680594,109,261,152,685.523484848485,4.63714594974563,14.4427840801134
"125","2530AC",1988,260,"Saayman, E.J.L.","115","Poaceae","Koeleria capensis","KC",-25.375,30.125,"C3",1.733,-2.3,-27.4,1.9,45.2,23.8,-7.804333333,20.14771403,109,261,152,685.523484848485,4.63714594974563,14.4427840801134
"126","2530AC",1932,266,"Galpin, E.E.","s13160","Poaceae","Koeleria capensis","KC",-25.375,30.125,"C3",1.705,0.3,-26.7,2,46.6,23,-6.906,20.33699784,109,261,152,685.523484848485,4.63714594974563,14.4427840801134
"127","2530AC",1988,258,"Burgoyne, P.M.","49","Poaceae","Koeleria capensis","KC",-25.375,30.125,"C3",1.842,NA,-27.7,0.7,36.6,49.5,-7.804333333,20.46247729,109,261,152,685.523484848485,4.63714594974563,14.4427840801134
"128","2530AC",2001,261,"Hankey, A.J.","1300","Poaceae","Koeleria capensis","KC",-25.375,30.125,"C3",1.68,NA,-25.5,1,47.4,47.5,-8.074354535,17.88162695,109,261,152,685.523484848485,4.63714594974563,14.4427840801134
"129","2530AC",1980,264,"Drews, B.K.","127","Poaceae","Koeleria capensis","KC",-25.375,30.125,"C3",1.641,NA,-26.5,1.8,46.7,26,-7.5705,19.44478685,109,261,152,685.523484848485,4.63714594974563,14.4427840801134
"130","2530AC",1984,263,"Spies, J.J.","1565A","Poaceae","Koeleria capensis","KC",-25.375,30.125,"C3",1.817,3.1,-27.5,3,45.3,15.1,-7.6955,20.36452442,109,261,152,685.523484848485,4.63714594974563,14.4427840801134
"131","2530AC",1947,262,"Codd, L.E.W.","3230","Poaceae","Koeleria capensis","KC",-25.375,30.125,"C3",1.777,3.3,-27,1.9,45.8,23.5,-7.013,20.54162384,109,261,152,685.523484848485,4.63714594974563,14.4427840801134
"132","2530AC",1980,265,"Drews, B.K.","173","Poaceae","Koeleria capensis","KC",-25.375,30.125,"C3",1.702,NA,-26,1.7,48.4,28.1,-7.5705,18.92145791,109,261,152,685.523484848485,4.63714594974563,14.4427840801134
"133","2531AB",1952,335,"van der Schijff, HP","224","Poaceae","Digitaria eriantha","DE",-25.1,31.1557,"C4",1.901,3.2,-10.2,2.4,40.4,17,-6.996541783,3.236470213,118,261,143,782.59014084507,9.66583426421691,15.0770125644869
"134","2531AB",1952,348,"van der Schijff, HP","376","Poaceae","Digitaria eriantha","DE",-25.1244,31.2201,"C4",1.804,NA,-10.7,1.5,46.4,31.3,-6.996541783,3.743513815,118,261,143,782.59014084507,9.66583426421691,15.0770125644869
"135","2531AB",1952,341,"van der Schijff, HP","216","Poaceae","Digitaria eriantha","DE",-25.1,31.1557,"C4",1.754,2.5,-10.1,2.1,43.3,20.4,-6.996541783,3.135122959,118,261,143,782.59014084507,9.66583426421691,15.0770125644869
"136","2531AB",1952,340,"van der Schijff, HP","217","Poaceae","Digitaria eriantha","DE",-25.1,31.1557,"C4",1.892,3.9,-9.9,1.9,45,24,-6.996541783,2.932489867,118,261,143,782.59014084507,9.66583426421691,15.0770125644869
"137","2531AB",1966,344,"van Wyk, P","4686","Poaceae","Digitaria eriantha","DE",-25.0923,31.1557,"C4",1.767,1.4,-9.7,2.1,45.9,22.3,-7.235,2.489144704,118,261,143,782.59014084507,9.66583426421691,15.0770125644869
"138","2531AB",1966,343,"van Wyk, P","4656","Poaceae","Digitaria eriantha","DE",-25.0923,31.1557,"C4",1.78,NA,-10.9,1.4,46.6,33.1,-7.235,3.705388737,118,261,143,782.59014084507,9.66583426421691,15.0770125644869
"139","2531AB",1966,338,"van Wyk, P","4655","Poaceae","Digitaria eriantha","DE",-25.0923,31.1557,"C4",1.833,2.9,-11.1,1.9,45.8,24.1,-7.235,3.908383052,118,261,143,782.59014084507,9.66583426421691,15.0770125644869
"140","2531AB",1953,346,"van der Schijff, HP","2096","Poaceae","Digitaria eriantha","DE",-25.0628,31.2225,"C4",1.835,3.6,-9.3,1.9,46.2,24.5,-7.010270232,2.311224153,118,261,143,782.59014084507,9.66583426421691,15.0770125644869
"141","2531AB",1953,345,"van der Schijff, HP","1668","Poaceae","Digitaria eriantha","DE",-25.1244,31.2201,"C4",1.672,NA,-9,1.4,44.4,32.2,-7.010270232,2.007799968,118,261,143,782.59014084507,9.66583426421691,15.0770125644869
"142","2531AB",1953,337,"van der Schijff, HP","1511","Poaceae","Digitaria eriantha","DE",-25.1,31.1557,"C4",1.821,NA,-10,1.5,44.2,30.4,-7.010270232,3.019929059,118,261,143,782.59014084507,9.66583426421691,15.0770125644869
"143","2531AB",1953,347,"van der Schijff, HP","1640","Poaceae","Digitaria eriantha","DE",-25.1,31.1557,"C4",1.86,3.1,-9.8,2.1,46.5,21.8,-7.010270232,2.817339697,118,261,143,782.59014084507,9.66583426421691,15.0770125644869
"144","2531AB",1953,336,"van der Schijff, HP","1652","Poaceae","Digitaria eriantha","DE",-25.1244,31.2201,"C4",1.793,NA,-10.1,1.5,46.3,31.6,-7.010270232,3.121254438,118,261,143,782.59014084507,9.66583426421691,15.0770125644869
"145","2531AB",1953,342,"van der Schijff, HP","1642","Poaceae","Digitaria eriantha","DE",-25.1244,31.2201,"C4",1.645,2.7,-10.1,1.4,42.9,30.2,-7.010270232,3.121254438,118,261,143,782.59014084507,9.66583426421691,15.0770125644869
"146","2531AB",1954,339,"van der Schijff, HP","3395","Poaceae","Digitaria eriantha","DE",-25.1244,31.2201,"C4",1.791,0.2,-11.2,1.9,45.9,23.9,-7.02960461,4.217632879,118,261,143,782.59014084507,9.66583426421691,15.0770125644869
"147","2531BB",2007,333,"Bouchenak-Khelladi, Y","YBK 133","Poaceae","Digitaria eriantha","DE",-25.1134,31.4619,"C4",1.724,2.7,-13.5,2.4,47.4,19.4,-8.26651815,5.30510071,130,250,120,462.369655612245,11.8958796671244,14.9870065903778
"148","2531BB",1971,332,"Stephen; Oakes","154;1394","Poaceae","Digitaria eriantha","DE",-25.0709,31.5458,"C4",1.826,4.8,-11,2.6,45.5,17.3,-7.3475,3.693124368,130,250,120,462.369655612245,11.8958796671244,14.9870065903778
"149","2531BB",2007,334,"Bouchenak-Khelladi, Y","YBK 163","Poaceae","Digitaria eriantha","DE",-25.1241,31.5547,"C4",1.861,0.6,-12.5,2.8,43.4,15.3,-8.26651815,4.287070228,130,250,120,462.369655612245,11.8958796671244,14.9870065903778
"150","2626DD",1931,290,"Pole-Evans, I.B.","3121","Poaceae","Digitaria eriantha","DE",-26.875,26.875,"C4",1.858,2.6,-10.5,1.7,45.3,26,-6.9815,3.555836281,116,269,154,529.606572769953,3.55716911888801,12.3743508429696
"151","2626DD",1973,289,"Kok, P.D.F.","493","Poaceae","Digitaria eriantha","DE",-26.875,26.875,"C4",1.746,NA,-11.3,1.3,46,36.2,-7.39275,3.951906544,116,269,154,529.606572769953,3.55716911888801,12.3743508429696
"152","2626DD",1974,291,"Kok, P.D.F.","617","Poaceae","Digitaria eriantha","DE",-26.875,26.875,"C4",1.969,6.2,-10.9,2.9,46.1,16.1,-7.483,3.454655748,116,269,154,529.606572769953,3.55716911888801,12.3743508429696
"153","2626DD",1931,292,"Pole-Evans, I.B.","3123","Poaceae","Digitaria eriantha","DE",-26.875,26.875,"C4",1.943,NA,-10.5,1.4,45.2,32.7,-6.9815,3.555836281,116,269,154,529.606572769953,3.55716911888801,12.3743508429696
"154","2627BB",1969,127,"Mogg, A.O.D.","34154","Poaceae","Hyparrhenia hirta","HH",-26.125,27.875,"C4",1.658,1.9,-12,0.3,45.4,129.8,-7.305,4.752024291,115,269,155,639.335378787879,4.29514446476025,10.6565340801397
"155","2627BB",1997,120,"Reddy, R.A.","1011","Poaceae","Hyparrhenia hirta","HH",-26.125,27.875,"C4",1.611,1.5,-12.2,1.6,43.1,27.1,-8.00226815,4.249576686,115,269,155,639.335378787879,4.29514446476025,10.6565340801397
"156","2627BB",1998,124,"Reddy, R.A.","1475","Poaceae","Hyparrhenia hirta","HH",-26.125,27.875,"C4",1.656,1,-13.5,1.5,41.8,27,-8.051092408,5.523474497,115,269,155,639.335378787879,4.29514446476025,10.6565340801397
"157","2627BB",1998,122,"Reddy, R.A.","1085","Poaceae","Hyparrhenia hirta","HH",-26.125,27.875,"C4",1.834,-7.9,-13.2,1.1,42.6,37.3,-8.051092408,5.217782318,115,269,155,639.335378787879,4.29514446476025,10.6565340801397
"158","2627BB",1997,123,"Reddy, R.A.","155","Poaceae","Hyparrhenia hirta","HH",-26.125,27.875,"C4",1.68,2.7,-12.2,0.5,44.5,91.7,-8.00226815,4.249576686,115,269,155,639.335378787879,4.29514446476025,10.6565340801397
"159","2627BB",1998,125,"Reddy, R.A.","1094","Poaceae","Hyparrhenia hirta","HH",-26.125,27.875,"C4",1.836,-1.6,-12.2,1.1,45.1,39.9,-8.051092408,4.200149415,115,269,155,639.335378787879,4.29514446476025,10.6565340801397
"160","2627BB",2001,129,"Meyer, J.J.","BP00748","Poaceae","Hyparrhenia hirta","HH",-26.08611111,27.84194444,"C4",1.778,0.2,-11.9,0.6,44.1,76.5,-8.074354535,3.87171892,115,269,155,639.335378787879,4.29514446476025,10.6565340801397
"161","2627BB",1998,121,"Reddy, R.A.","1062","Poaceae","Hyparrhenia hirta","HH",-26.125,27.875,"C4",1.607,0.2,-12.3,0.9,43.7,47.8,-8.051092408,4.301819977,115,269,155,639.335378787879,4.29514446476025,10.6565340801397
"162","2627BB",1937,128,"Cohen, E.","671","Poaceae","Hyparrhenia hirta","HH",-26.125,27.875,"C4",1.681,1.7,-10.6,1,42.2,42.6,-6.95,3.689104508,115,269,155,639.335378787879,4.29514446476025,10.6565340801397
"163","2627BB",1984,126,"Robinson, E.R.","10","Poaceae","Hyparrhenia hirta","HH",-26.125,27.875,"C4",1.625,4,-11.4,1.4,41.5,29.8,-7.6955,3.747218288,115,269,155,639.335378787879,4.29514446476025,10.6565340801397
"164","2627CA",1988,199,"Saayman, E.J.L.","146","Poaceae","Digitaria eriantha","DE",-26.625,27.125,"C4",1.811,-1.2,-11.8,2.6,43.9,16.8,-7.804333333,4.043378533,118,267,149,506.679265232975,3.49774725239463,11.0868275260232
"165","2627CA",1974,200,"Kok, P.","618","Poaceae","Digitaria eriantha","DE",-26.625,27.125,"C4",1.783,1.6,-11.5,1.5,44.2,28.9,-7.483,4.063732929,118,267,149,506.679265232975,3.49774725239463,11.0868275260232
"166","2627CA",1979,197,"Brooks, W.","85","Poaceae","Digitaria eriantha","DE",-26.625,27.125,"C4",1.862,1.2,-10.9,1.3,42.9,32.8,-7.539666667,3.397364608,118,267,149,506.679265232975,3.49774725239463,11.0868275260232
"167","2627CA",1931,201,"Pole-Evans, I.B.","3120","Poaceae","Digitaria eriantha","DE",-26.625,27.125,"C4",1.594,2,-10.9,1.9,42.2,22.6,-6.9815,3.961682337,118,267,149,506.679265232975,3.49774725239463,11.0868275260232
"168","2627CA",1986,196,"Jeffers, L.N.","505","Poaceae","Digitaria eriantha","DE",-26.625,27.125,"C4",1.725,1.8,-12.7,2.5,45.5,18,-7.734,5.029879469,118,267,149,506.679265232975,3.49774725239463,11.0868275260232
"169","2627CA",1911,198,"Burtt Davy, J.","11459","Poaceae","Digitaria eriantha","DE",-26.625,27.125,"C4",1.886,5,-11.1,2.4,46.1,19,-6.888546675,4.258725175,118,267,149,506.679265232975,3.49774725239463,11.0868275260232
"170","2628AA",1997,194,"Reddy, R.A.","178","Poaceae","Hyparrhenia hirta","HH",-26.125,28.125,"C4",1.618,-4.6,-12.4,1.8,44.4,25,-8.00226815,4.45294841,114,269,154,655.17366285403,4.36000493064032,10.7908647181566
"171","2628AA",1998,193,"Reddy, R.A.","1301","Poaceae","Hyparrhenia hirta","HH",-26.125,28.125,"C4",1.668,-5.5,-12.3,0.9,43.4,50.9,-8.051092408,4.301819977,114,269,154,655.17366285403,4.36000493064032,10.7908647181566
"172","2628AA",1919,189,"Bryant, E.G.","A23","Poaceae","Hyparrhenia hirta","HH",-26.125,28.125,"C4",1.799,10.1,-10.4,2.1,45.6,22,-6.94453502,3.491779487,114,269,154,655.17366285403,4.36000493064032,10.7908647181566
"173","2628AA",1934,195,"van O'Bruyn, O.","154","Poaceae","Hyparrhenia hirta","HH",-26.125,28.125,"C4",1.726,-2.4,-10.4,1.6,44.7,28.6,-6.961154178,3.474985673,114,269,154,655.17366285403,4.36000493064032,10.7908647181566
"174","2628AA",1933,191,"Meebold, A.","13885","Poaceae","Hyparrhenia hirta","HH",-26.125,28.125,"C4",1.665,8,-11.9,1.2,42.6,37,-6.912,5.048072057,114,269,154,655.17366285403,4.36000493064032,10.7908647181566
"175","2628AA",1937,192,"Cohen, E.","672","Poaceae","Hyparrhenia hirta","HH",-26.125,28.125,"C4",1.668,9.4,-9.3,1.8,42,23.4,-6.95,2.372060159,114,269,154,655.17366285403,4.36000493064032,10.7908647181566
"176","2628AA",1908,190,"Leendertz, R.","TRV 6168","Poaceae","Hyparrhenia hirta","HH",-26.125,28.125,"C4",1.771,1,-10.1,2.5,44.2,17.5,-6.838275076,3.295004469,114,269,154,655.17366285403,4.36000493064032,10.7908647181566
"177","2827DD",1970,295,"Jarman, N.G.","122","Poaceae","Digitaria eriantha","DE",-28.875,27.875,"C4",1.718,NA,-11,1.8,45.5,25.1,-7.318156423,3.722794314,111,265,154,583.372008547009,3.91873777670176,10.7133025639597
"178","2827DD",1931,297,"Goossens, A.P.G.","808","Poaceae","Digitaria eriantha","DE",-28.875,27.875,"C4",1.702,2.2,-10.7,2.9,46.2,16.1,-6.9815,3.758718286,111,265,154,583.372008547009,3.91873777670176,10.7133025639597
"179","2827DD",1972,296,"Loxton, A.E.","948","Poaceae","Digitaria eriantha","DE",-28.875,27.875,"C4",1.601,9.6,-10.2,2.9,45.5,15.6,-7.356,2.873307739,111,265,154,583.372008547009,3.91873777670176,10.7133025639597
"180","2827DD",1931,293,"Goossens, A.P.G.","869","Poaceae","Digitaria eriantha","DE",-28.875,27.875,"C4",1.846,5,-10.5,2,43.5,21.8,-6.9815,3.555836281,111,265,154,583.372008547009,3.91873777670176,10.7133025639597
"181","2827DD",1970,294,"Jarman, N.G.","46","Poaceae","Digitaria eriantha","DE",-28.875,27.875,"C4",1.628,NA,-11.1,1,45.5,45.2,-7.318156423,3.824293232,111,265,154,583.372008547009,3.91873777670176,10.7133025639597
"182","2828DD",1962,303,"Lubke, R.A.","254","Poaceae","Koeleria capensis","KC",-28.875,28.875,"C3",1.706,NA,-25.1,1.4,46.3,33.8,-7.091,18.47266386,116,260,144,808.689130434783,5.8291266352446,16.6518772237104
"183","2828DD",1955,302,"Edwards, D.","640","Poaceae","Koeleria capensis","KC",-28.875,28.875,"C3",1.804,NA,-26.6,0.6,45.2,81.9,-7.049520585,20.08473332,116,260,144,808.689130434783,5.8291266352446,16.6518772237104
"184","2828DD",1926,298,"Bayer, A.J.W.","274","Poaceae","Koeleria capensis","KC",-28.875,28.875,"C3",1.683,NA,-25.5,1,43.6,45.5,-6.966800343,19.01816281,116,260,144,808.689130434783,5.8291266352446,16.6518772237104
"185","2828DD",1978,301,"Smook, L.","1044","Poaceae","Koeleria capensis","KC",-28.875,28.875,"C3",1.813,NA,-26.3,1.3,46,34.4,-7.502,19.30574099,116,260,144,808.689130434783,5.8291266352446,16.6518772237104
"186","2828DD",1946,300,"Schelpe, EACLE","1399","Poaceae","Koeleria capensis","KC",-28.875,28.875,"C3",1.86,NA,-24.9,1.3,46.7,36.5,-6.983,18.37452569,116,260,144,808.689130434783,5.8291266352446,16.6518772237104
"187","2828DD",1987,299,"Panagos, M.D.","53","Poaceae","Koeleria capensis","KC",-28.875,28.875,"C3",1.819,0.8,-27.1,2.1,44.6,21.3,-7.7495,19.8895056,116,260,144,808.689130434783,5.8291266352446,16.6518772237104
"188","2829CC",1938,318,"Acocks, J.P.H.","63","Poaceae","Koeleria capensis","KC",-28.875,29.125,"C3",1.79,-0.6,-26.1,1.4,43,30.9,-6.9435,19.66988397,116,260,144,808.689130434783,5.8291266352446,16.6518772237104
"189","2829CC",1979,312,"Smook, L.","1376","Poaceae","Koeleria capensis","KC",-28.875,29.125,"C3",1.792,NA,-26.1,1.7,45.7,26.9,-7.539666667,19.05774036,116,260,144,808.689130434783,5.8291266352446,16.6518772237104
"190","2829CC",1950,310,"Killick, D.J.B.","946","Poaceae","Koeleria capensis","KC",-28.875,29.125,"C3",1.857,NA,-25.5,1.3,45.9,34.3,-7.006,18.9779374,116,260,144,808.689130434783,5.8291266352446,16.6518772237104
"191","2829CC",1978,141,"Smook, L.","1078","Poaceae","Koeleria capensis","KC",-28.875,29.125,"C3",1.734,-1.6,-26.5,2.2,43.6,19.9,-7.502,19.51515152,116,260,144,808.689130434783,5.8291266352446,16.6518772237104
"192","2829CC",1978,315,"Smook, L.","1084","Poaceae","Koeleria capensis","KC",-28.875,29.125,"C3",1.801,-0.5,-26.5,2.1,44.7,21.3,-7.502,19.51515152,116,260,144,808.689130434783,5.8291266352446,16.6518772237104
"193","2829CC",1973,313,"Ellis, R.P.","1431","Poaceae","Koeleria capensis","KC",-28.875,29.125,"C3",1.859,3.5,-24.6,1.8,46.8,25.3,-7.39275,17.64122411,116,260,144,808.689130434783,5.8291266352446,16.6518772237104
"194","2829CC",1979,314,"Smook, L.","1371","Poaceae","Koeleria capensis","KC",-28.875,29.125,"C3",1.893,-1.6,-25.7,1.8,44.6,25.4,-7.539666667,18.63936501,116,260,144,808.689130434783,5.8291266352446,16.6518772237104
"195","2829CC",1973,316,"Ellis, R.P.","1412","Poaceae","Koeleria capensis","KC",-28.875,29.125,"C3",1.789,NA,-26.7,1.2,44.5,38.5,-7.39275,19.8368951,116,260,144,808.689130434783,5.8291266352446,16.6518772237104
"196","2829CC",1979,317,"Smook, L.","1379","Poaceae","Koeleria capensis","KC",-28.875,29.125,"C3",1.615,NA,-26.6,1.8,45,25.5,-7.539666667,19.58119307,116,260,144,808.689130434783,5.8291266352446,16.6518772237104
"197","2829CC",1951,184,"Killick, D.J.B.","1301","Poaceae","Koeleria capensis","KC",-28.875,29.125,"C3",1.85,0.4,-25.6,1.2,42.3,36.2,-6.993443595,19.09539861,116,260,144,808.689130434783,5.8291266352446,16.6518772237104
"198","2829CC",1979,311,"Smook, L.","1377","Poaceae","Koeleria capensis","KC",-28.875,29.125,"C3",1.769,NA,-26.3,1.4,47.5,33.5,-7.539666667,19.26705693,116,260,144,808.689130434783,5.8291266352446,16.6518772237104
"199","2929AD",1979,183,"Smook, L.","1383","Poaceae","Koeleria capensis","KC",-29.375,29.375,"C3",1.758,1.2,-25.6,2.2,44.2,20.1,-7.539666667,18.53482485,118,262,144,753.128070175439,5.31597867648092,14.3806596776373
"200","2929AD",1955,187,"Jacot Guillarmod, A.F.M.G.","2360","Poaceae","Koeleria capensis","KC",-29.375,29.375,"C3",1.822,2.3,-26.8,1.3,41.7,31.3,-7.049520585,20.29436849,118,262,144,753.128070175439,5.31597867648092,14.3806596776373
"201","2929AD",1955,188,"Jacot Guillarmod, A.F.M.G.","2344","Poaceae","Koeleria capensis","KC",-29.375,29.375,"C3",1.608,-0.2,-25.6,2.7,62.1,22.7,-7.049520585,19.03784833,118,262,144,753.128070175439,5.31597867648092,14.3806596776373
"202","2929AD",1914,185,"Symons, R.E.","176","Poaceae","Koeleria capensis","KC",-29.375,29.375,"C3",1.79,-0.8,-25.8,1.4,42.9,30,-6.867667056,19.433723,118,262,144,753.128070175439,5.31597867648092,14.3806596776373
"203","2929AD",1914,186,"Symons, R.E.","158","Poaceae","Koeleria capensis","KC",-29.375,29.375,"C3",1.787,-4.1,-26.9,1.2,41.8,35.6,-6.867667056,20.58609901,118,262,144,753.128070175439,5.31597867648092,14.3806596776373
"204","2929BC",2004,170,"de Wet, S.F.","861","Poaceae","Koeleria capensis","KC",-29.27416667,29.67194444,"C3",1.766,-1.7,-30.7,1.9,42.8,22.4,-8.176351483,23.23702519,111,270,159,759.490697674419,4.86554398090153,11.2433913890195
"205","2929BC",1918,172,"Mogg, A.O.D.","3271","Poaceae","Koeleria capensis","KC",-29.375,29.625,"C3",1.701,1.4,-26.6,1.7,42.1,25.1,-6.938044526,20.19925567,111,270,159,759.490697674419,4.86554398090153,11.2433913890195
"206","2929BC",1978,168,"Smook, L.","1061","Poaceae","Koeleria capensis","KC",-29.375,29.625,"C3",1.929,4.8,-26.4,1.3,43.9,33.1,-7.502,19.4104355,111,270,159,759.490697674419,4.86554398090153,11.2433913890195
"207","2929BC",1983,167,"Hilliard, O.M.","16964","Poaceae","Koeleria capensis","KC",-29.375,29.625,"C3",1.674,-2.1,-27,1,42.5,41.5,-7.65725,19.8794964,111,270,159,759.490697674419,4.86554398090153,11.2433913890195
"208","2929BC",1983,171,"Hilliard, O.M.","16245","Poaceae","Koeleria capensis","KC",-29.375,29.625,"C3",1.559,10.3,-23.7,1.2,44.6,35.9,-7.65725,16.43219297,111,270,159,759.490697674419,4.86554398090153,11.2433913890195
"209","2929BC",1977,169,"Du Toit, P.C.V.","2503","Poaceae","Koeleria capensis","KC",-29.375,29.625,"C3",1.81,0.2,-26.5,2.2,44.2,20,-7.4844,19.53323061,111,270,159,759.490697674419,4.86554398090153,11.2433913890195
"210","2929CB",1991,175,"Moss, H.","1770","Poaceae","Koeleria capensis","KC",-29.625,29.375,"C3",1.87,-7,-25.4,1.3,44.2,34.5,-7.850039383,18.00734724,119,268,149,769.111290322581,5.27836606616621,11.0496443051821
"211","2929CB",1982,174,"Manning, J.C.","15904","Poaceae","Koeleria capensis","KC",-29.625,29.375,"C3",1.803,-4.6,-26.5,1.1,43.9,40.8,-7.643,19.3703133,119,268,149,769.111290322581,5.27836606616621,11.0496443051821
"212","2929CB",1977,180,"Du Toit, P.C.V.","2299","Poaceae","Koeleria capensis","KC",-29.625,29.375,"C3",1.921,0.4,-26.3,2.5,43.1,17.3,-7.4844,19.32381637,119,268,149,769.111290322581,5.27836606616621,11.0496443051821
"213","2929CB",1975,173,"Du Toit, P.C.V.","696","Poaceae","Koeleria capensis","KC",-29.625,29.375,"C3",1.744,-3.9,-27.2,1.7,44.2,26.4,-7.417666667,20.33545779,119,268,149,769.111290322581,5.27836606616621,11.0496443051821
"214","2929CB",1962,176,"Acocks, J.P.H.","22153","Poaceae","Koeleria capensis","KC",-29.625,29.375,"C3",1.618,-0.8,-26.6,1.4,43.4,30.5,-7.091,20.0421204,119,268,149,769.111290322581,5.27836606616621,11.0496443051821
"215","2929CB",2002,181,"Burgoyne, P.M.","9086","Poaceae","Koeleria capensis","KC",-29.61888889,29.3725,"C3",1.778,-0.3,-29,1.8,40.7,22.6,-8.12401815,21.49946637,119,268,149,769.111290322581,5.27836606616621,11.0496443051821
"216","2929CB",1975,179,"Du Toit, P.C.V.","703","Poaceae","Koeleria capensis","KC",-29.625,29.375,"C3",1.773,-3.6,-28.1,1.7,44.2,26.1,-7.417666667,21.28031005,119,268,149,769.111290322581,5.27836606616621,11.0496443051821
"217","2929CB",1975,177,"Du Toit, P.C.V.","704A","Poaceae","Koeleria capensis","KC",-29.625,29.375,"C3",1.711,-5.3,-28,1.4,44.8,32.3,-7.417666667,21.17524005,119,268,149,769.111290322581,5.27836606616621,11.0496443051821
"218","2929CB",1975,178,"Du Toit, P.C.V.","705","Poaceae","Koeleria capensis","KC",-29.625,29.375,"C3",1.644,-3.4,-27.8,1.4,44.7,32.9,-7.417666667,20.96516492,119,268,149,769.111290322581,5.27836606616621,11.0496443051821
"219","2930AC",1918,232,"Mogg, A.O.D.","1427","Poaceae","Koeleria capensis","KC",-29.375,30.125,"C3",1.611,4.3,-25.7,3.2,43.6,13.4,-6.938044526,19.25685669,107,271,164,822.23,5.03647708598432,9.70558026681167
"220","2930AC",1964,230,"Moll, E.J.","1094","Poaceae","Koeleria capensis","KC",-29.375,30.125,"C3",1.838,-0.3,-28,2.3,41.2,17.8,-7.066939165,21.53607082,107,271,164,822.23,5.03647708598432,9.70558026681167
"221","2930AC",1947,228,"Acocks, J.P.H.","13873","Poaceae","Koeleria capensis","KC",-29.375,30.125,"C3",1.75,-4.5,-26.9,1.6,43.7,27.9,-7.013,20.43674854,107,271,164,822.23,5.03647708598432,9.70558026681167
"222","2930AC",1993,231,"Ward, C.J.","12326","Poaceae","Hyparrhenia hirta","HH",-29.375,30.125,"C4",1.699,2.7,-13.4,0.3,44.8,152.9,-7.885608704,5.589287752,107,271,164,822.23,5.03647708598432,9.70558026681167
"223","2930AC",1920,221,"Mogg, A.O.D.","6943","Poaceae","Hyparrhenia hirta","HH",-29.375,30.125,"C4",1.695,3.9,-11.5,1.4,44.4,32.6,-6.931,4.62215478,107,271,164,822.23,5.03647708598432,9.70558026681167
"224","2930AC",1987,235,"Spies, J.J.","3285","Poaceae","Hyparrhenia hirta","HH",-29.375,30.125,"C4",1.739,NA,-10.6,1.7,47.4,27.8,-7.7495,2.881039014,107,271,164,822.23,5.03647708598432,9.70558026681167
"225","2930AC",1964,226,"Moll, E.J.","1208","Poaceae","Koeleria capensis","KC",-29.375,30.125,"C3",1.831,0.3,-25.7,1.9,44.7,24.1,-7.066939165,19.12456208,107,271,164,822.23,5.03647708598432,9.70558026681167
"226","2930AC",1919,222,"Mogg, A.O.D.","5598","Poaceae","Koeleria capensis","KC",-29.375,30.125,"C3",1.723,1.2,-26.8,2,44,21.9,-6.94453502,20.40224515,107,271,164,822.23,5.03647708598432,9.70558026681167
"227","2930AC",1917,224,"Mogg, A.O.D.","1256","Poaceae","Hyparrhenia hirta","HH",-29.375,30.125,"C4",1.742,3.6,-11,1.2,42.8,36.1,-6.919656769,4.125726219,107,271,164,822.23,5.03647708598432,9.70558026681167
"228","2930AC",1919,237,"Mogg, A.O.D.","5677","Poaceae","Koeleria capensis","KC",-29.375,30.125,"C3",1.844,2.4,-27.5,2.6,45.6,17.7,-6.94453502,21.13672492,107,271,164,822.23,5.03647708598432,9.70558026681167
"229","2930AC",1928,225,"Galpin, E.E.","10252","Poaceae","Koeleria Capensis","KC",-29.375,30.125,"C3",1.728,0.8,-26.5,1.8,41.6,23,-6.8392439,20.19594874,107,271,164,822.23,5.03647708598432,9.70558026681167
"230","2930AC",1918,229,"Mogg, A.O.D.","2411","Poaceae","Koeleria capensis","KC",-29.375,30.125,"C3",1.982,4.5,-27.3,3.1,42.6,13.9,-6.938044526,20.93343834,107,271,164,822.23,5.03647708598432,9.70558026681167
"231","2930AC",1918,234,"Mogg, A.O.D.","2391","Poaceae","Koeleria capensis","KC",-29.375,30.125,"C3",1.735,1.9,-27,2.4,43.1,17.9,-6.938044526,20.61865927,107,271,164,822.23,5.03647708598432,9.70558026681167
"232","2930AC",1917,236,"Mogg, A.O.D.","703","Poaceae","Hyparrhenia hirta","HH",-29.375,30.125,"C4",1.787,NA,-10.2,1.3,45.7,36,-6.919656769,3.314147535,107,271,164,822.23,5.03647708598432,9.70558026681167
"233","2930AC",1918,227,"Mogg, A.O.D.","2445","Poaceae","Koeleria capensis","KC",-29.375,30.125,"C3",1.757,-1.4,-27,2,43.8,21.4,-6.938044526,20.61865927,107,271,164,822.23,5.03647708598432,9.70558026681167
"234","2930AC",1917,223,"Mogg, AOD","871","Poaceae","Koeleria capensis ","KC",-29.375,30.125,"C3",1.812,-1.9,-28.7,1.2,44.8,36.8,-6.919656769,22.42390943,107,271,164,822.23,5.03647708598432,9.70558026681167
"235","3219AC",1988,244,"Spies, J.J.","3840","Poaceae","Pentameris pallida","PP",-32.375,19.125,"C3",1.786,NA,-27.4,1.4,44.9,32.1,-7.804333333,20.14771403,125,241,116,193.884507042254,2.72432470784512,12.3059705559084
"236","3219AC",1997,248,"Spies, J.J.","6329","Poaceae","Pentameris pallida","PP",-32.375,19.125,"C3",1.883,NA,-28.6,1.5,45.1,29.4,-8.00226815,21.20417114,125,241,116,193.884507042254,2.72432470784512,12.3059705559084
"237","3219AC",1987,247,"Ellis, R.P.","5507","Poaceae","Pentameris pallida","PP",-32.375,19.125,"C3",1.684,NA,-27.6,0.7,42.8,58.3,-7.7495,20.41392431,125,241,116,193.884507042254,2.72432470784512,12.3059705559084
"238","3219AC",1987,245,"Ellis, R.P.","5508","Poaceae","Pentameris pallida","PP",-32.375,19.125,"C3",1.883,NA,-27.4,1,47.4,48.4,-7.7495,20.20409212,125,241,116,193.884507042254,2.72432470784512,12.3059705559084
"239","3219AC",1988,252,"Spies, J.J.","3845","Poaceae","Pentameris pallida","PP",-32.375,19.125,"C3",1.86,11.1,-27,2.5,44.5,17.6,-7.804333333,19.72833162,125,241,116,193.884507042254,2.72432470784512,12.3059705559084
"240","3219AC",1964,243,"Taylor, H.C.","6141","Poaceae","Pentameris pallida","PP",-32.375,19.125,"C3",1.746,NA,-27,0.5,46.1,87.2,-7.066939165,20.48618791,125,241,116,193.884507042254,2.72432470784512,12.3059705559084
"241","3219AC",1988,250,"Spies, J.J.","3828","Poaceae","Pentameris pallida","PP",-32.375,19.125,"C3",1.891,4.8,-29.6,2.4,46.6,19.3,-7.804333333,22.46049739,125,241,116,193.884507042254,2.72432470784512,12.3059705559084
"242","3219AC",1989,249,"le Maitre, D.C.","603","Poaceae","Pentameris pallida","PP",-32.35,19.03333333,"C3",1.951,4,-29,1.9,44.3,23.3,-7.824,21.8084449,125,241,116,193.884507042254,2.72432470784512,12.3059705559084
"243","3219AC",1987,251,"Ellis, R.P.","5588","Poaceae","Pentameris pallida","PP",-32.375,19.125,"C3",1.723,NA,-27.4,1.7,45.7,27.2,-7.7495,20.20409212,125,241,116,193.884507042254,2.72432470784512,12.3059705559084
"244","3219AC",1950,246,"Esterhuysen, E.E.","18158","Poaceae","Pentameris pallida","PP",-32.375,19.125,"C3",1.647,NA,-29.2,0.6,46.1,74.9,-7.006,22.86155748,125,241,116,193.884507042254,2.72432470784512,12.3059705559084
"245","3318CD",1953,66,"Esterhuysen, E.E.","22181","Poaceae","Pentameris pallida","PP",-33.95,18.41666667,"C3",1.872,3.8,-27.4,0.9,44.2,48.8,-7.010270232,20.96414741,119,256,137,539.374768518519,4.09574915607499,9.58492371611717
"246","3318CD",1936,65,"Adamson, R.S.","811","Poaceae","Koeleria capensis","KC",-33.875,18.375,"C3",1.714,2.7,-26.1,1.9,45.7,24.2,-6.939,19.67450457,119,256,137,539.374768518519,4.09574915607499,9.58492371611717
"247","3318CD",1915,64,"Bolus, H.M.L.","14741","Poaceae","Pentameris pallida","PP",-33.98333333,18.41666667,"C3",1.794,0.5,-28.2,1.4,44.2,32.7,-6.878861797,21.93984174,119,256,137,539.374768518519,4.09574915607499,9.58492371611717
"248","3318CD",1830,87,"Ecklon, C.F.","84","Poaceae","Pentameris pallida","PP",-33.875,18.375,"C3",1.606,9.1,-28.9,1.3,43,32.6,-6.64453767,22.91778636,119,256,137,539.374768518519,4.09574915607499,9.58492371611717
"249","3318CD",1951,81,"Garside, S.","25439","Poaceae","Pentameris pallida","PP",-33.875,18.375,"C3",1.576,0.9,-29.2,0.7,43.7,62.8,-6.993443595,22.87449156,119,256,137,539.374768518519,4.09574915607499,9.58492371611717
"250","3318CD",1916,57,"Bolus, F.","14960","Poaceae","Pentameris pallida","PP",-33.875,18.375,"C3",1.873,3.9,-27.8,1.3,40.7,30.5,-6.8975,21.50020572,119,256,137,539.374768518519,4.09574915607499,9.58492371611717
"251","3318CD",1929,67,"Sandwith, C.","10","Poaceae","Hyparrhenia hirta","HH",-33.875,18.375,"C4",1.968,1.9,-11.1,1.2,43.5,34.8,-6.841285714,4.30651662,119,256,137,539.374768518519,4.09574915607499,9.58492371611717
"252","3318CD",1986,91,"Spies, J.J.","3239","Poaceae","Pentameris pallida","PP",-33.875,18.375,"C3",1.857,3.2,-29.7,1.2,41.2,33.8,-7.734,22.63835927,119,256,137,539.374768518519,4.09574915607499,9.58492371611717
"253","3318CD",1919,61,"Andreae, H.","85","Poaceae","Pentameris pallida","PP",-33.875,18.375,"C3",1.617,-1.5,-28.4,0.9,43.7,46.6,-6.94453502,22.08261114,119,256,137,539.374768518519,4.09574915607499,9.58492371611717
"254","3318CD",1897,56,"Wolley-Dod, A.H.","3558","Poaceae","Pentameris pallida","PP",-33.95,18.46666667,"C3",1.63,5.6,-29,1.6,41.4,25.9,-6.796333333,22.86680398,119,256,137,539.374768518519,4.09574915607499,9.58492371611717
"255","3318CD",1952,79,"Fairall, A.R.","248","Poaceae","Pentameris pallida","PP",-33.98333333,18.41666667,"C3",1.657,-0.2,-30,1.3,45.2,33.7,-6.996541783,23.71490538,119,256,137,539.374768518519,4.09574915607499,9.58492371611717
"256","3318CD",1827,74,"Ecklon","87","Poaceae","Hyparrhenia hirta","HH",-33.875,18.375,"C4",1.576,3.6,-10.6,1.1,44.3,40.1,-6.635253729,4.007222833,119,256,137,539.374768518519,4.09574915607499,9.58492371611717
"257","3318CD",1987,83,"Spies, J.J.","3652","Poaceae","Pentameris pallida","PP",-33.875,18.375,"C3",1.65,0.9,-29.9,1.1,43.3,38.9,-7.7495,22.83321307,119,256,137,539.374768518519,4.09574915607499,9.58492371611717
"258","3318CD",1974,60,"Ellis, R.P.","2307","Poaceae","Pentameris pallida","PP",-33.875,18.375,"C3",1.524,4.9,-28.9,1.1,42.6,39.2,-7.483,22.05437133,119,256,137,539.374768518519,4.09574915607499,9.58492371611717
"259","3318CD",1929,95,"Sandwith, C.","130","Poaceae","Hyparrhenia hirta","HH",-33.875,18.375,"C4",1.828,-0.4,-11.3,0.3,41.3,123,-6.841285714,4.509673597,119,256,137,539.374768518519,4.09574915607499,9.58492371611717
"260","3318CD",1913,70,"Bolus, F.","14680","Poaceae","Pentameris pallida","PP",-33.875,18.375,"C3",1.924,4.4,-27.3,2.1,43.2,20.5,-6.867,21.00647682,119,256,137,539.374768518519,4.09574915607499,9.58492371611717
"261","3318CD",1963,82,"Esterhuysen, E.E.","30036","Poaceae","Pentameris pallida","PP",-33.995,18.41666667,"C3",1.532,2.2,-30.5,1.3,43.8,34.4,-7.055,24.18256833,119,256,137,539.374768518519,4.09574915607499,9.58492371611717
"262","3318CD",1976,63,"Du Toit, PCV","1522","Poaceae","Pentameris pallida","PP",-33.875,18.375,"C3",1.953,4.4,-29.2,1.8,41.6,23.3,-7.4425,22.41192831,119,256,137,539.374768518519,4.09574915607499,9.58492371611717
"263","3318CD",1929,80,"Sandwith, C.","88","Poaceae","Hyparrhenia hirta","HH",-33.875,18.375,"C4",1.617,-0.6,-11.4,0.9,43.1,49.8,-6.841285714,4.611282911,119,256,137,539.374768518519,4.09574915607499,9.58492371611717
"264","3318CD",1896,73,"Wolley-Dod, A.H.","1821","Poaceae","Pentameris pallida","PP",-33.98333333,18.45,"C3",1.931,0.9,-29.6,2.9,44.1,15.4,-6.857648154,23.4360592,119,256,137,539.374768518519,4.09574915607499,9.58492371611717
"265","3318CD",1976,54,"Du Toit, P.C.V.","1527","Poaceae","Hyparrhenia hirta","HH",-33.875,18.375,"C4",1.64,3,-11.1,0.9,43.9,47.7,-7.4425,3.698553949,119,256,137,539.374768518519,4.09574915607499,9.58492371611717
"266","3318CD",1830,96,"Ecklon, C.F.","24964","Poaceae","Koeleria capensis","KC",-33.875,18.375,"C3",1.653,NA,-25.3,1.7,48.7,29.3,-6.64453767,19.13969666,119,256,137,539.374768518519,4.09574915607499,9.58492371611717
"267","3318CD",1973,68,"Esterhuysen, E.E.","33325","Poaceae","Pentameris pallida","PP",-33.875,18.375,"C3",1.95,2,-28.6,1,41.8,43.1,-7.39275,21.83163475,119,256,137,539.374768518519,4.09574915607499,9.58492371611717
"268","3318CD",1919,75,"Andreae, H.","86","Poaceae","Pentameris pallida","PP",-33.875,18.375,"C3",1.58,0.5,-29,1.4,42.6,30.2,-6.94453502,22.71417609,119,256,137,539.374768518519,4.09574915607499,9.58492371611717
"269","3318CD",1929,92,"Hitchcock, A.S.","24082","Poaceae","Hyparrhenia hirta","HH",-33.875,18.375,"C4",1.76,5.2,-10.9,0.9,44.8,47.2,-6.841285714,4.103441801,119,256,137,539.374768518519,4.09574915607499,9.58492371611717
"270","3318CD",1978,72,"Durand, B.J.","343","Poaceae","Pentameris pallida","PP",-33.875,18.375,"C3",1.759,1.4,-28.2,2.1,45.3,21.9,-7.502,21.29862112,119,256,137,539.374768518519,4.09574915607499,9.58492371611717
"271","3318CD",1974,78,"Ellis, R.P.","2306","Poaceae","Pentameris pallida","PP",-33.875,18.375,"C3",1.764,1.9,-30.7,1.5,52,33.6,-7.483,23.95233674,119,256,137,539.374768518519,4.09574915607499,9.58492371611717
"272","3318CD",1976,85,"Du Toit, P.C.V.","1508","Poaceae","Pentameris pallida","PP",-33.91944444,18.39861111,"C3",1.572,0.8,-29.8,1.1,44.5,40.9,-7.4425,23.04421769,119,256,137,539.374768518519,4.09574915607499,9.58492371611717
"273","3318CD",1976,89,"Du Toit, P.C.V.","1519","Poaceae","Hyparrhenia hirta","HH",-33.875,18.375,"C4",1.814,1,-12.3,1.3,44.3,35.2,-7.4425,4.917991293,119,256,137,539.374768518519,4.09574915607499,9.58492371611717
"274","3318CD",1986,69,"Spies, J.J.","3239","Poaceae","Pentameris pallida","PP",-33.875,18.375,"C3",1.819,0.4,-29.3,1.1,42.3,37.5,-7.734,22.21695684,119,256,137,539.374768518519,4.09574915607499,9.58492371611717
"275","3318CD",1954,88,"Esterhuysen, E.E.","22651","Poaceae","Pentameris pallida","PP",-33.95,18.4,"C3",1.802,-0.9,-27.4,1.3,45.3,34.6,-7.02960461,20.94426834,119,256,137,539.374768518519,4.09574915607499,9.58492371611717
"276","3318CD",1958,90,"Esterhuysen, E.E.","27950","Poaceae","Pentameris pallida","PP",-33.95,18.4,"C3",1.901,2.9,-27.4,0.7,44.1,65.4,-7.066575548,20.90625586,119,256,137,539.374768518519,4.09574915607499,9.58492371611717
"277","3318CD",1940,59,"Esterhuysen, E.E.","11753","Poaceae","Pentameris pallida","PP",-33.875,18.375,"C3",1.744,2,-28.5,1,42.7,43.7,-6.938,22.19454452,119,256,137,539.374768518519,4.09574915607499,9.58492371611717
"278","3318CD",1976,86,"Du Toit, PCV","1524","Poaceae","Pentameris pallida","PP",-33.875,18.375,"C3",1.64,3,-28.4,2.1,42.1,20.1,-7.4425,21.57009057,119,256,137,539.374768518519,4.09574915607499,9.58492371611717
"279","3318CD",1936,76,"Adamson, R.S.","781","Poaceae","Hyparrhenia hirta","HH",-33.875,18.375,"C4",1.89,3,-10.7,1.5,45.2,29.5,-6.939,3.801677954,119,256,137,539.374768518519,4.09574915607499,9.58492371611717
"280","3318CD",1922,94,"Pole-Evans, I.B.","489","Poaceae","Koeleria capensis","KC",-33.875,18.375,"C3",1.797,2.6,-28.2,1.5,43.4,29.7,-6.857960447,21.96134961,119,256,137,539.374768518519,4.09574915607499,9.58492371611717
"281","3318CD",1892,71,"Schlechter, F.R.R.","847","Poaceae","Pentameris pallida","PP",-33.95,18.46666667,"C3",1.178,2.8,-27.2,0.9,43.6,46.8,-6.830153626,20.939398,119,256,137,539.374768518519,4.09574915607499,9.58492371611717
"282","3318CD",1935,55,"Esterhuysen, E.E.","589","Poaceae","Koeleria capensis","KC",-33.875,18.375,"C3",1.938,1.2,-27.4,1.3,42.2,31.9,-6.976,20.9993831,119,256,137,539.374768518519,4.09574915607499,9.58492371611717
"283","3318CD",1902,58,"Marloth, H.W.R.","3049","Poaceae","Pentameris pallida","PP",-33.875,18.375,"C3",1.955,-0.3,-27.5,1.3,43.6,33.9,-6.769743787,21.31645883,119,256,137,539.374768518519,4.09574915607499,9.58492371611717
"284","3318CD",1976,77,"Du Toit, P.C.V.","1502","Poaceae","Pentameris pallida","PP",-33.875,18.375,"C3",1.725,1.9,-28.8,0.7,42.6,57,-7.4425,21.99083608,119,256,137,539.374768518519,4.09574915607499,9.58492371611717
"285","3318CD",1935,93,"Esterhuysen, E.E.","598","Poaceae","Pentameris pallida","PP",-33.96666667,18.41666667,"C3",1.871,2.4,-28.5,1,41.9,42.3,-6.976,22.15542975,119,256,137,539.374768518519,4.09574915607499,9.58492371611717
"286","3318DD",1964,205,"Taylor, H.C.","6031","Poaceae","Pentameris pallida","PP",-33.875,18.875,"C3",1.869,-0.4,-28.5,1,43.8,46,-7.066939165,22.06182278,120,256,136,505.404,4.21314870861225,11.0829110650557
"287","3318DD",1945,204,"Rycroft, H.B.","1034","Poaceae","Pentameris pallida","PP",-33.875,18.875,"C3",1.719,-2,-31.7,1.2,43.3,36.8,-7.033,25.47454301,120,256,136,505.404,4.21314870861225,11.0829110650557
"288","3318DD",1974,216,"Ellis, R.P.","2262","Poaceae","Pentameris pallida","PP",-33.875,18.875,"C3",1.809,-0.6,-28.1,1.2,44.3,36.7,-7.483,21.21308777,120,256,136,505.404,4.21314870861225,11.0829110650557
"289","3318DD",1902,220,"Marloth, H.W.R.","3036B","Poaceae","Pentameris pallida","PP",-33.875,18.875,"C3",1.802,5.2,-28.2,0.7,41.5,60.8,-6.769743787,22.05212617,120,256,136,505.404,4.21314870861225,11.0829110650557
"290","3318DD",1948,213,"Adamson, R.S.","4074","Poaceae","Pentameris pallida","PP",-33.875,18.875,"C3",1.777,-0.4,-28.8,1.4,43.5,30.9,-7.043,22.40218287,120,256,136,505.404,4.21314870861225,11.0829110650557
"291","3318DD",1963,219,"Taylor, H.C.","5586","Poaceae","Pentameris pallida","PP",-33.875,18.875,"C3",1.683,-3.1,-30.4,0.6,44.2,70.1,-7.055,24.07693894,120,256,136,505.404,4.21314870861225,11.0829110650557
"292","3318DD",1949,212,"Esterhuysen, EE","15995","Poaceae","Pentameris pallida","PP",-33.875,18.875,"C3",1.901,3.6,-29.2,2.5,44.7,18,-7.03233859,22.83442667,120,256,136,505.404,4.21314870861225,11.0829110650557
"293","3318DD",1941,211,"Adamson, R.S.","3277","Poaceae","Pentameris pallida","PP",-33.875,18.875,"C3",1.707,1.3,-29.4,1.7,44.3,26,-6.999,23.07953843,120,256,136,505.404,4.21314870861225,11.0829110650557
"294","3318DD",1962,218,"van der Merwe, P.","954","Poaceae","Pentameris pallida","PP",-33.875,18.875,"C3",1.725,-0.8,-25.2,1.6,44.6,28.4,-7.091,18.57714403,120,256,136,505.404,4.21314870861225,11.0829110650557
"295","3318DD",1959,202,"van Rensburg, W.L.J.","248","Poaceae","Pentameris pallida","PP",-33.875,18.875,"C3",1.87,1.4,-27.2,2.2,42.6,19.6,-7.067,20.69592928,120,256,136,505.404,4.21314870861225,11.0829110650557
"296","3318DD",1974,206,"Ellis, R.P.","2210","Poaceae","Pentameris pallida","PP",-33.875,18.875,"C3",1.783,1.9,-28.8,0.9,39.2,44.1,-7.483,21.94913509,120,256,136,505.404,4.21314870861225,11.0829110650557
"297","3318DD",1974,210,"Ellis, R.P.","2229","Poaceae","Pentameris pallida","PP",-33.875,18.875,"C3",1.912,-2.9,-30.4,1.9,45.3,23.5,-7.483,23.6355198,120,256,136,505.404,4.21314870861225,11.0829110650557
"298","3318DD",1975,203,"Haynes, R.A.","1199","Poaceae","Pentameris pallida","PP",-33.875,18.875,"C3",1.562,0.9,-27.3,2.3,47.3,20.6,-7.417666667,20.44035503,120,256,136,505.404,4.21314870861225,11.0829110650557
"299","3318DD",1960,208,"van der Merwe, P.","24-26","Poaceae","Pentaschistis pallida","PP",-33.875,18.875,"C3",1.833,-1.4,-27.9,2.6,45.8,17.5,-7.084214775,21.41321389,120,256,136,505.404,4.21314870861225,11.0829110650557
"300","3318DD",1961,207,"van der Merwe, P.","25-8","Poaceae","Pentameris pallida","PP",-33.875,18.875,"C3",1.811,-0.4,-29.4,1.1,39.2,36.9,-7.10056577,22.97489618,120,256,136,505.404,4.21314870861225,11.0829110650557
"301","3318DD",1969,217,"van der Merwe, C.V.","1320","Poaceae","Pentameris pallida","PP",-33.96666667,18.91666667,"C3",1.628,3.5,-29.6,0.5,43.6,79.5,-7.305,22.97506183,120,256,136,505.404,4.21314870861225,11.0829110650557
"302","3318DD",1974,215,"Ellis, R.P.","2223","Poaceae","Pentameris pallida","PP",-33.875,18.875,"C3",1.755,-2.1,-28.7,1.6,44.8,27.4,-7.483,21.84392052,120,256,136,505.404,4.21314870861225,11.0829110650557
"303","3318DD",1974,214,"Ellis, R.P.","2263","Poaceae","Pentameris pallida","PP",-33.875,18.875,"C3",1.82,-0.7,-28.3,2,44.8,22.3,-7.483,21.42327879,120,256,136,505.404,4.21314870861225,11.0829110650557
"304","3318DD",1944,209,"Liebenberg, LCC","4046","Poaceae","Pentaschistis pallida","PP",-33.875,18.875,"C3",1.568,6.6,-29.5,0.4,40.6,92.3,-7.079100425,23.10242099,120,256,136,505.404,4.21314870861225,11.0829110650557
"305","3319AC",1969,238,"Stehle, T.C.","TS.230","Poaceae","Pentameris densifolia","PP",-33.375,19.125,"C3",1.729,0.8,-31.3,2.6,46.2,17.8,-7.305,24.77031073,120,258,138,419.443883792049,3.32620472900291,11.9104093599539
"306","3319AC",1987,241,"Davidse, G.","33951","Poaceae","Pentameris pallida","PP",-33.375,19.125,"C3",1.815,NA,-30.8,1.5,43.6,28.7,-7.7495,23.78301692,120,258,138,419.443883792049,3.32620472900291,11.9104093599539
"307","3319AC",1896,240,"Schlechter, F.R.R.","9037","Poaceae","Pentameris pallida","PP",-33.375,19.125,"C3",1.84,NA,-29.1,0.5,45.7,83.8,-6.857648154,22.90900386,120,258,138,419.443883792049,3.32620472900291,11.9104093599539
"308","3319AC",1987,242,"Davidse, G.","33954","Poaceae","Pentameris pallida","PP",-33.375,19.125,"C3",1.589,NA,-30.3,1.8,44.8,25.3,-7.7495,23.25513045,120,258,138,419.443883792049,3.32620472900291,11.9104093599539
"309","3319AC",1969,239,"Haynes, R.A.","224","Poaceae","Pentameris pallida","PP",-33.4,19.08333333,"C3",1.66,NA,-28.2,1,46.7,45.9,-7.305,21.50133772,120,258,138,419.443883792049,3.32620472900291,11.9104093599539
"310","3319AD",1988,161,"Spies, J.J.","3859","Poaceae","Pentameris pallida","PP",-33.375,19.375,"C3",1.659,-3.6,-29.5,2.5,44.2,17.7,-7.804333333,22.3551434,120,253,133,427.621428571429,3.49466265422855,11.2740667732323
"311","3319AD",1973,165,"Esterhuysen, E.E.","33339","Poaceae","Pentameris pallida","PP",-33.375,19.375,"C3",1.702,5.4,-29.9,0.7,45.9,63.4,-7.39275,23.20095866,120,253,133,427.621428571429,3.49466265422855,11.2740667732323
"312","3319AD",1948,162,"Liebenberg, L.C.C.","4325","Poaceae","Pentameris pallida","PP",-33.375,19.375,"C3",1.807,-1.6,-29.8,1.5,44.6,29.3,-7.043,23.45598846,120,253,133,427.621428571429,3.49466265422855,11.2740667732323
"313","3319AD",1979,166,"Goldblatt, P.","5234","Poaceae","Pentameris pallida","PP",-33.375,19.375,"C3",1.797,-2.5,-29.4,1.2,43.8,35.3,-7.539666667,22.52249468,120,253,133,427.621428571429,3.49466265422855,11.2740667732323
"314","3319AD",1988,164,"Spies, J.J.","3860","Poaceae","Pentameris pallida","PP",-33.375,19.375,"C3",1.912,8,-29.6,1.6,45.2,28.1,-7.804333333,22.46049739,120,253,133,427.621428571429,3.49466265422855,11.2740667732323
"315","3319AD",1953,163,"Esterhuysen, E.E.","22241","Poaceae","Pentameris pallida","PP",-33.375,19.375,"C3",1.721,1.4,-29.5,1.3,43.9,34.9,-7.010270232,23.1733434,120,253,133,427.621428571429,3.49466265422855,11.2740667732323
"316","3319CB",1949,320,"van Breda","341","Poaceae","Pentameris pallida","PP",-33.625,19.375,"C3",1.785,NA,-27.8,1.6,47.9,29.3,-7.03233859,21.36151143,120,255,135,299.497807017544,2.52433250021667,11.541862341358
"317","3319CB",1976,319,"Du Toit, P.C.V.","1764","Poaceae","Pentameris pallida","PP",-33.625,19.375,"C3",1.611,NA,-27.5,0.5,47.7,90.6,-7.4425,20.62467866,120,255,135,299.497807017544,2.52433250021667,11.541862341358
"318","3319CB",1972,321,"Ellis, R.P.","1258","Poaceae","Pentameris pallida","PP",-33.625,19.375,"C3",1.795,4.2,-28,1.9,47,25.1,-7.356,21.23868313,120,255,135,299.497807017544,2.52433250021667,11.541862341358
"319","3322DC",1988,287,"Ellis, R.P.","5821","Poaceae","Pentameris pallida","PP",-33.875,22.625,"C3",1.757,NA,-30,1.1,45.9,41.5,-7.804333333,22.88213058,118,238,120,454.092424242424,6.35421732278708,15.4809644331809
"320","3322DC",1947,286,"Wilman, M.","PRE 34692","Poaceae","Pentameris pallida","PP",-33.875,22.625,"C3",1.744,-1.6,-29.4,1.9,48.3,25.5,-7.013,23.06511436,118,238,120,454.092424242424,6.35421732278708,15.4809644331809
"321","3322DC",1988,288,"Ellis, R.P.","5820","Poaceae","Pentameris pallida","PP",-33.875,22.625,"C3",1.667,NA,-30.6,1.4,46.1,34.1,-7.804333333,23.51523279,118,238,120,454.092424242424,6.35421732278708,15.4809644331809
"322","3418AB",1974,98,"Ellis, R.P.","2316","Poaceae","Pentameris pallida","PP",-34.125,18.375,"C3",1.945,1.8,-30.3,2.9,44.6,15.5,-7.483,23.52995772,125,263,138,745.44406779661,5.50035162839452,13.4901802844359
"323","3418AB",1987,101,"Spies, J.J.","3439","Poaceae","Pentameris pallida","PP",-34.125,18.375,"C3",1.754,1.5,-30.6,1.6,43.8,27,-7.7495,23.57179699,125,263,138,745.44406779661,5.50035162839452,13.4901802844359
"324","3418AB",1946,106,"Adamson, R.S.","3718","Poaceae","Pentameris pallida","PP",-34.125,18.375,"C3",1.758,1.5,-29.6,2,43.3,21.9,-6.983,23.30688376,125,263,138,745.44406779661,5.50035162839452,13.4901802844359
"325","3418AB",1942,100,"Adamson, R.S.","3451","Poaceae","Pentameris pallida","PP",-34.125,18.375,"C3",1.927,5.4,-30.1,1.4,41.7,28.9,-7.065637441,23.7492139,125,263,138,745.44406779661,5.50035162839452,13.4901802844359
"326","3418AB",1983,102,"O'Callaghan, M.G.","696","Poaceae","Pentameris pallida","PP",-34.125,18.375,"C3",1.654,2.3,-29.6,0.6,42.3,73.8,-7.65725,22.61206719,125,263,138,745.44406779661,5.50035162839452,13.4901802844359
"327","3418AB",1974,107,"Ellis, R.P.","2312","Poaceae","Pentameris pallida","PP",-34.125,18.375,"C3",1.943,1.1,-28.1,0.9,42.9,48.3,-7.483,21.21308777,125,263,138,745.44406779661,5.50035162839452,13.4901802844359
"328","3418AB",1988,104,"Spies, J.J.","3911","Poaceae","Pentameris pallida","PP",-34.125,18.375,"C3",1.651,7,-31,1.4,43.7,30.9,-7.804333333,23.9377365,125,263,138,745.44406779661,5.50035162839452,13.4901802844359
"329","3418AB",1987,99,"Spies, J.J.","3433","Poaceae","Pentameris pallida","PP",-34.125,18.375,"C3",1.673,1.9,-29.9,1.2,42.1,35.4,-7.7495,22.83321307,125,263,138,745.44406779661,5.50035162839452,13.4901802844359
"330","3418AB",1939,97,"Adamson, R.S.","2684","Poaceae","Pentameris pallida","PP",-34.125,18.375,"C3",1.717,2.5,-26.9,1.1,42.5,37.8,-6.994,20.45627376,125,263,138,745.44406779661,5.50035162839452,13.4901802844359
"331","3418AB",1974,103,"Goldblatt, P.","3321","Poaceae","Pentameris pallida","PP",-34.125,18.375,"C3",1.448,4.7,-31.2,3.3,45.5,14,-7.483,24.48080099,125,263,138,745.44406779661,5.50035162839452,13.4901802844359
"332","3418AB",1918,105,"Bolus, H.M.L.","PRE 34739","Poaceae","Pentameris pallida","PP",-34.125,18.375,"C3",1.812,1.9,-28.3,1.5,44.6,29.6,-6.938044526,21.98410566,125,263,138,745.44406779661,5.50035162839452,13.4901802844359
"333","3418BB",1944,155,"Parker, R.N.","3954","Poaceae","Koeleria capensis","KC",-34.125,18.875,"C3",1.896,1.4,-28.5,1.5,42.8,29.1,-7.079100425,22.04930476,121,258,137,528.991208791209,4.02020072367948,11.7642646291294
"334","3418BB",1978,154,"Boucher, C.","3490","Poaceae","Koeleria capensis","KC",-34.125,18.875,"C3",1.822,-1.2,-27.5,0.8,43.8,57.8,-7.502,20.56349614,121,258,137,528.991208791209,4.02020072367948,11.7642646291294
"335","3418BB",1921,156,"Rogers, F.A.","26640","Poaceae","Koeleria capensis","KC",-34.125,18.875,"C3",1.863,3.7,-28,0.5,40.2,74.6,-6.89513872,21.71282025,121,258,137,528.991208791209,4.02020072367948,11.7642646291294
"336","3418BB",1981,153,"McDonald, D.J.","620","Poaceae","Koeleria capensis","KC",-34.125,18.875,"C3",1.761,-3.1,-24.9,1,44.9,44.7,-7.610985883,17.73050366,121,258,137,528.991208791209,4.02020072367948,11.7642646291294
"337","3418BB",1929,152,"Sandwith, C.","103B","Poaceae","Koeleria capensis","KC",-34.125,18.875,"C3",1.74,4.2,-26.8,1.1,43.5,40.8,-6.841285714,20.50833774,121,258,137,528.991208791209,4.02020072367948,11.7642646291294
"338","3419BD",1976,158,"Du Toit, P.C.V.","1877","Poaceae","Koeleria capensis","KC",-34.375,19.875,"C3",1.624,-2.2,-27.8,1.9,42.9,22.8,-7.4425,20.93962148,117,254,138,301.907766990291,2.67879456359994,9.06215513753926
"339","3419BD",1978,159,"Cleghorn, W.B.","3150","Poaceae","Koeleria capensis","KC",-34.375,19.875,"C3",1.759,-1.8,-25.8,1.1,43.9,38.4,-7.502,18.78259084,117,254,138,301.907766990291,2.67879456359994,9.06215513753926
"340","3419BD",1978,160,"Cleghorn, W.B.","3115","Poaceae","Koeleria capensis","KC",-34.375,19.875,"C3",1.771,0.1,-27.6,1.5,43.9,28.8,-7.502,20.6684492,117,254,138,301.907766990291,2.67879456359994,9.06215513753926
"341","3419BD",1978,159,"Cleghorn, W.B.","3150","Poaceae","Koeleria capensis","KC",-34.375,19.875,"C3",1.827,-3.8,-27.3,0.6,42.8,71.4,-7.502,20.35365478,117,254,138,301.907766990291,2.67879456359994,9.06215513753926
