year,iso_code,collector,number,family,species,sp_code,qds,lat,long,pathway,weight,d.15NAIR,d.13CVPDB,X.N,X.C,C.N,d13_atmos,delta.disc,wetstart,wetend,wetlength,wetrain,wetdaily,wetlambda
1938,318,"Acocks, J.P.H.",63,Poaceae,Koeleria capensis,KC,2829CC,-28.875,29.125,C3,1.79,-0.6,-26.1,1.4,43,30.9,-6.9435,19.66988397,152,292,140,783.8,5.55886524822695,16.3291666666667
1947,228,"Acocks, J.P.H.",13873,Poaceae,Koeleria capensis,KC,2930AC,-29.375,30.125,C3,1.75,-4.5,-26.9,1.6,43.7,27.9,-7.013,20.43674854,110,275.5,165.5,752.3,4.495675675675675,8.652800324675326
1962,176,"Acocks, J.P.H.",22153,Poaceae,Koeleria capensis,KC,2929CB,-29.625,29.375,C3,1.618,-0.8,-26.6,1.4,43.4,30.5,-7.091,20.0421204,135,268,133,928,6.92537313432836,14.0606060606061
1936,65,"Adamson, R.S.",811,Poaceae,Koeleria capensis,KC,3318CD,-33.875,18.375,C3,1.714,2.7,-26.1,1.9,45.7,24.2,-6.939,19.67450457,146,253,107,408,3.7607136788445166,9.438729679906142
1936,76,"Adamson, R.S.",781,Poaceae,Hyparrhenia hirta,HH,3318CD,-33.875,18.375,C4,1.89,3,-10.7,1.5,45.2,29.5,-6.939,3.801677954,146,253,107,408,3.7607136788445166,9.438729679906142
1939,97,"Adamson, R.S.",2684,Poaceae,Pentameris pallida,PP,3418AB,-34.125,18.375,C3,1.717,2.5,-26.9,1.1,42.5,37.8,-6.994,20.45627376,111,254,143,643.4,4.46805555555556,9.89846153846154
1941,211,"Adamson, R.S.",3277,Poaceae,Pentameris pallida,PP,3318DD,-33.875,18.875,C3,1.707,1.3,-29.4,1.7,44.3,26,-6.999,23.07953843,99.5,266.5,167,852.45,5.0741071428571445,11.47491127260438
1942,100,"Adamson, R.S.",3451,Poaceae,Pentameris pallida,PP,3418AB,-34.125,18.375,C3,1.927,5.4,-30.1,1.4,41.7,28.9,-7.065637441,23.7492139,142,259,117,895.3,7.58728813559322,13.7738461538462
1946,106,"Adamson, R.S.",3718,Poaceae,Pentameris pallida,PP,3418AB,-34.125,18.375,C3,1.758,1.5,-29.6,2,43.3,21.9,-6.983,23.30688376,92,259,167,600.2,3.57261904761905,8.95820895522388
1948,213,"Adamson, R.S.",4074,Poaceae,Pentameris pallida,PP,3318DD,-33.875,18.875,C3,1.777,-0.4,-28.8,1.4,43.5,30.9,-7.043,22.40218287,126.5,284,157.5,570.75,3.601417084627025,8.893406460945034
1919,61,"Andreae, H.",85,Poaceae,Pentameris pallida,PP,3318CD,-33.875,18.375,C3,1.617,-1.5,-28.4,0.9,43.7,46.6,-6.94453502,22.08261114,145.8,270.4,124.6,416.9,3.2792146031542098,7.6704937739223435
1919,75,"Andreae, H.",86,Poaceae,Pentameris pallida,PP,3318CD,-33.875,18.375,C3,1.58,0.5,-29,1.4,42.6,30.2,-6.94453502,22.71417609,145.8,270.4,124.6,416.9,3.2792146031542098,7.6704937739223435
1928,150,"Bevan, N.",PRE 7602,Poaceae,Digitaria eriantha,DE,2528CC,-25.875,28.125,C4,1.94,4.5,-10.8,1.6,43.4,26.4,-6.8392439,4.003999293,105,254,149,682,4.546666666666665,15.4637429882713
1913,70,"Bolus, F.",14680,Poaceae,Pentameris pallida,PP,3318CD,-33.875,18.375,C3,1.924,4.4,-27.3,2.1,43.2,20.5,-6.867,21.00647682,124.6,234,109.4,481.64,4.653400387868614,9.49954996149404
1916,57,"Bolus, F.",14960,Poaceae,Pentameris pallida,PP,3318CD,-33.875,18.375,C3,1.873,3.9,-27.8,1.3,40.7,30.5,-6.8975,21.50020572,113,262,149,602.2166666666667,4.024530228758168,8.094939475871996
1915,64,"Bolus, H.M.L.",14741,Poaceae,Pentameris pallida,PP,3318CD,-33.98333333,18.41666667,C3,1.794,0.5,-28.2,1.4,44.2,32.7,-6.878861797,21.93984174,74,262.4,188.4,801.42,4.25074795923296,9.703722373952075
2007,334,"Bouchenak-Khelladi, Y",YBK 163,Poaceae,Digitaria eriantha,DE,2531BB,-25.1241,31.5547,C4,1.861,0.6,-12.5,2.8,43.4,15.3,-8.26651815,4.287070228,127.5,271.5,144,289.95000000000005,13.487867647058824,13.487867647058824
2007,326,"Bouchenak-Khelladi, Y",YBK 235,Poaceae,Digitaria eriantha,DE,2331DC,-23.5233,31.3504,C4,1.828,1.3,-13.1,1.8,41.8,23.5,-8.26651815,4.897640946,171,278,107,220.10000000000002,12.9470588235294,12.9470588235294
2007,333,"Bouchenak-Khelladi, Y",YBK 133,Poaceae,Digitaria eriantha,DE,2531BB,-25.1134,31.4619,C4,1.724,2.7,-13.5,2.4,47.4,19.4,-8.26651815,5.30510071,127.5,271.5,144,289.95000000000005,13.487867647058824,13.487867647058824
1978,154,"Boucher, C.",3490,Poaceae,Koeleria capensis,KC,3418BB,-34.125,18.875,C3,1.822,-1.2,-27.5,0.8,43.8,57.8,-7.502,20.56349614,87,304,217,507.4,2.32752293577982,8.6
1979,197,"Brooks, W.",85,Poaceae,Digitaria eriantha,DE,2627CA,-26.625,27.125,C4,1.862,1.2,-10.9,1.3,42.9,32.8,-7.539666667,3.397364608,106.66666666666667,248.33333333333334,141.66666666666666,339.1,2.3789309683604998,8.775872120959727
1919,189,"Bryant, E.G.",A23,Poaceae,Hyparrhenia hirta,HH,2628AA,-26.125,28.125,C4,1.799,10.1,-10.4,2.1,45.6,22,-6.94453502,3.491779487,96.66666666666667,250.66666666666666,154,633.1333333333333,4.133967186011345,10.356095572902143
1911,198,"Burtt Davy, J.",11459,Poaceae,Digitaria eriantha,DE,2627CA,-26.625,27.125,C4,1.886,5,-11.1,2.4,46.1,19,-6.888546675,4.258725175,104,322,218,592.7,2.70639269406393,7.40875
1936,25,"Chippindall, L.K.A.",240,Poaceae,Hyparrhenia hirta,HH,2528CA,-25.625,28.125,C4,1.795,3.8,-11,1.9,39.8,20.6,-6.939,4.106167846,170.33333333333334,327,156.66666666666666,638.9666666666667,4.0939787244872,15.460565961626166
1978,160,"Cleghorn, W.B.",3115,Poaceae,Koeleria capensis,KC,3419BD,-34.375,19.875,C3,1.771,0.1,-27.6,1.5,43.9,28.8,-7.502,20.6684492,202,249,47,218.4,4.55,12.8470588235294
1978,159,"Cleghorn, W.B.",3150,Poaceae,Koeleria capensis,KC,3419BD,-34.375,19.875,C3,1.759,-1.8,-25.8,1.1,43.9,38.4,-7.502,18.78259084,202,249,47,218.4,4.55,12.8470588235294
1978,159,"Cleghorn, W.B.",3150,Poaceae,Koeleria capensis,KC,3419BD,-34.375,19.875,C3,1.827,-3.8,-27.3,0.6,42.8,71.4,-7.502,20.35365478,202,249,47,218.4,4.55,12.8470588235294
1947,262,"Codd, L.E.W.",3230,Poaceae,Koeleria capensis,KC,2530AC,-25.375,30.125,C3,1.777,3.3,-27,1.9,45.8,23.5,-7.013,20.54162384,123,275,152,604.7,3.93004280821918,12.2527044025157
1951,257,"Codd, L.E.W.",6718,Poaceae,Koeleria capensis,KC,2430DD,-24.875,30.875,C3,1.862,NA,-27.4,1.3,45.7,36.5,-6.993443595,20.98144808,143,310.3333333333333,167.33333333333334,767.8333333333334,4.577072201528717,14.547080971297433
1937,192,"Cohen, E.",672,Poaceae,Hyparrhenia hirta,HH,2628AA,-26.125,28.125,C4,1.668,9.4,-9.3,1.8,42,23.4,-6.95,2.372060159,130,256.25,126.25,621.9125,4.996508535857773,11.637800448747527
1937,128,"Cohen, E.",671,Poaceae,Hyparrhenia hirta,HH,2627BB,-26.125,27.875,C4,1.681,1.7,-10.6,1,42.2,42.6,-6.95,3.689104508,129.6,285,155.4,719.34,4.601059720869846,12.118462338707488
1932,5,"Cronje, T.",12,Poaceae,Hyparrhenia hirta,HH,2528CA,-25.625,28.125,C4,1.675,3.8,-10.8,1.3,40.6,31.4,-6.906,3.936514355,111,262,151,502.35,3.304934210526315,9.38925576519916
1987,241,"Davidse, G.",33951,Poaceae,Pentameris pallida,PP,3319AC,-33.375,19.125,C3,1.815,NA,-30.8,1.5,43.6,28.7,-7.7495,23.78301692,102,224,122,447.65,3.639430894308945,12.35982972136225
1987,242,"Davidse, G.",33954,Poaceae,Pentameris pallida,PP,3319AC,-33.375,19.125,C3,1.589,NA,-30.3,1.8,44.8,25.3,-7.7495,23.25513045,102,224,122,447.65,3.639430894308945,12.35982972136225
1952,32,de Wet,20,Poaceae,Digitaria eriantha,DE,2528CA,-25.625,28.125,C4,1.857,5.4,-10.8,2,39.9,20.1,-6.996541783,3.844984045,101,246,145,518.35,3.55036599099099,13.77007575757575
1956,10,de Wet,1469,Poaceae,Digitaria eriantha,DE,2528CA,-25.625,28.125,C4,1.762,2.3,-10.1,1.8,42.6,23.4,-7.064993826,3.065972497,114.33333333333333,289.6666666666667,175.33333333333334,653.9,3.75894866566822,13.927906099033834
1924,26,"Dickson, J.",56,Poaceae,Hyparrhenia hirta,HH,2528CA,-25.625,28.125,C4,1.584,2.3,-10.8,1.1,42.5,40.4,-6.887,3.955721795,133,264,131,513.2,3.887878787878785,8.60551782682513
1924,45,"Dickson, J.",PRE 54,Poaceae,Digitaria eriantha,DE,2528CA,-25.625,28.125,C4,1.907,1.7,-9.5,1.2,42.4,35.9,-6.887,2.638061585,133,264,131,513.2,3.887878787878785,8.60551782682513
1980,265,"Drews, B.K.",173,Poaceae,Koeleria capensis,KC,2530AC,-25.375,30.125,C3,1.702,NA,-26,1.7,48.4,28.1,-7.5705,18.92145791,96,262,166,924.5,5.53592814371257,18.1274509803922
1980,264,"Drews, B.K.",127,Poaceae,Koeleria capensis,KC,2530AC,-25.375,30.125,C3,1.641,NA,-26.5,1.8,46.7,26,-7.5705,19.44478685,96,262,166,924.5,5.53592814371257,18.1274509803922
1975,178,"Du Toit, P.C.V.",705,Poaceae,Koeleria capensis,KC,2929CB,-29.625,29.375,C3,1.644,-3.4,-27.8,1.4,44.7,32.9,-7.417666667,20.96516492,119,276,157,706.3,4.47025316455696,9.41733333333333
1975,305,"Du Toit, P.C.V.",526,Poaceae,Digitaria eriantha,DE,2428DA,-24.625,28.625,C4,1.771,5.2,-10.5,1.9,46.3,23.9,-7.417666667,3.115041267,153,284.5,131.5,665.45,5.03941176470588,15.738095238095202
1975,308,"Du Toit, P.C.V.",595,Poaceae,Digitaria eriantha,DE,2428DA,-24.625,28.625,C4,1.728,NA,-10.7,0.6,46.3,77.1,-7.417666667,3.317834159,153,284.5,131.5,665.45,5.03941176470588,15.738095238095202
1975,173,"Du Toit, P.C.V.",696,Poaceae,Koeleria capensis,KC,2929CB,-29.625,29.375,C3,1.744,-3.9,-27.2,1.7,44.2,26.4,-7.417666667,20.33545779,119,276,157,706.3,4.47025316455696,9.41733333333333
1975,177,"Du Toit, P.C.V.",704A,Poaceae,Koeleria capensis,KC,2929CB,-29.625,29.375,C3,1.711,-5.3,-28,1.4,44.8,32.3,-7.417666667,21.17524005,119,276,157,706.3,4.47025316455696,9.41733333333333
1975,307,"Du Toit, P.C.V.",483,Poaceae,Digitaria eriantha,DE,2428DA,-24.625,28.625,C4,1.93,NA,-11.2,0.5,48.1,91.2,-7.417666667,3.825175297,153,284.5,131.5,665.45,5.03941176470588,15.738095238095202
1975,179,"Du Toit, P.C.V.",703,Poaceae,Koeleria capensis,KC,2929CB,-29.625,29.375,C3,1.773,-3.6,-28.1,1.7,44.2,26.1,-7.417666667,21.28031005,119,276,157,706.3,4.47025316455696,9.41733333333333
1976,319,"Du Toit, P.C.V.",1764,Poaceae,Pentameris pallida,PP,3319CB,-33.625,19.375,C3,1.611,NA,-27.5,0.5,47.7,90.6,-7.4425,20.62467866,127.5,214,86.5,293.95,3.163214670981665,20.35564102564105
1976,89,"Du Toit, P.C.V.",1519,Poaceae,Hyparrhenia hirta,HH,3318CD,-33.875,18.375,C4,1.814,1,-12.3,1.3,44.3,35.2,-7.4425,4.917991293,145.5,281,135.5,626,4.203504322889915,10.024821820175456
1976,54,"Du Toit, P.C.V.",1527,Poaceae,Hyparrhenia hirta,HH,3318CD,-33.875,18.375,C4,1.64,3,-11.1,0.9,43.9,47.7,-7.4425,3.698553949,145.5,281,135.5,626,4.203504322889915,10.024821820175456
1976,77,"Du Toit, P.C.V.",1502,Poaceae,Pentameris pallida,PP,3318CD,-33.875,18.375,C3,1.725,1.9,-28.8,0.7,42.6,57,-7.4425,21.99083608,145.5,281,135.5,626,4.203504322889915,10.024821820175456
1976,85,"Du Toit, P.C.V.",1508,Poaceae,Pentameris pallida,PP,3318CD,-33.91944444,18.39861111,C3,1.572,0.8,-29.8,1.1,44.5,40.9,-7.4425,23.04421769,145.5,281,135.5,626,4.203504322889915,10.024821820175456
1976,158,"Du Toit, P.C.V.",1877,Poaceae,Koeleria capensis,KC,3419BD,-34.375,19.875,C3,1.624,-2.2,-27.8,1.9,42.9,22.8,-7.4425,20.93962148,116,224,108,321.3,2.94770642201835,11.9
1977,169,"Du Toit, P.C.V.",2503,Poaceae,Koeleria capensis,KC,2929BC,-29.375,29.625,C3,1.81,0.2,-26.5,2.2,44.2,20,-7.4844,19.53323061,87.5,266,178.5,823.7,4.67171617471956,15.5877316403569
1977,180,"Du Toit, P.C.V.",2299,Poaceae,Koeleria capensis,KC,2929CB,-29.625,29.375,C3,1.921,0.4,-26.3,2.5,43.1,17.3,-7.4844,19.32381637,87,281,194,803.8,4.12205128205128,11.0109589041096
1976,63,"Du Toit, PCV",1522,Poaceae,Pentameris pallida,PP,3318CD,-33.875,18.375,C3,1.953,4.4,-29.2,1.8,41.6,23.3,-7.4425,22.41192831,145.5,281,135.5,626,4.203504322889915,10.024821820175456
1976,86,"Du Toit, PCV",1524,Poaceae,Pentameris pallida,PP,3318CD,-33.875,18.375,C3,1.64,3,-28.4,2.1,42.1,20.1,-7.4425,21.57009057,145.5,281,135.5,626,4.203504322889915,10.024821820175456
1978,72,"Durand, B.J.",343,Poaceae,Pentameris pallida,PP,3318CD,-33.875,18.375,C3,1.759,1.4,-28.2,2.1,45.3,21.9,-7.502,21.29862112,107.75,276.25,168.5,487.925,3.170598396654035,8.4068857531934
1955,302,"Edwards, D.",640,Poaceae,Koeleria capensis,KC,2828DD,-28.875,28.875,C3,1.804,NA,-26.6,0.6,45.2,81.9,-7.049520585,20.08473332,86,247,161,1078.5,6.65740740740741,15.8602941176471
1985,130,Ekokonsult,33-41,Poaceae,Hyparrhenia hirta,HH,2528CC,-25.875,28.125,C4,1.927,1.3,-12.1,1.8,43.4,24.6,-7.706,4.447818605,125.5,257,131.5,541.7,4.17058440790252,11.71559714795008
1967,282,"Ellis, R.P.",2050,Poaceae,Digitaria eriantha,DE,2429AA,-24.125,29.125,C4,1.868,2.1,-10.3,1.8,48,26.9,-7.333,2.997878145,130,302.5,172.5,572.55,3.29892857142857,16.91978114478115
1970,49,"Ellis, R.P.",126,Poaceae,Digitaria eriantha,DE,2528CA,-25.625,28.125,C4,1.621,5.3,-11.5,2,42.4,21.6,-7.318156423,4.230494261,101,204,103,450.05,4.41705225773719,13.20277272727275
1970,108,"Ellis, R.P.",158,Poaceae,Hyparrhenia hirta,HH,2528CB,-25.625,28.375,C4,1.955,4.1,-10.8,0.6,42.9,77.4,-7.318156423,3.519858044,104,231,127,620.1,4.84453125,12.1588235294118
1970,27,"Ellis, R.P.",134,Poaceae,Hyparrhenia hirta,HH,2528CA,-25.625,28.125,C4,1.955,2.6,-11.5,1,42.1,41.9,-7.318156423,4.230494261,101,204,103,450.05,4.41705225773719,13.20277272727275
1972,43,"Ellis, R.P.",1028,Poaceae,Digitaria eriantha,DE,2528CA,-25.625,28.125,C4,1.784,1.8,-10.9,2.6,44.5,17.3,-7.356,3.583055303,120,268,148,642.2,4.31006711409396,12.844
1972,41,"Ellis, R.P.",1327,Poaceae,Digitaria eriantha,DE,2528CA,-25.625,28.125,C4,1.898,6.7,-11.7,1.7,42.9,25.5,-7.356,4.39542649,120,268,148,642.2,4.31006711409396,12.844
1972,304,"Ellis, R.P.",1025,Poaceae,Digitaria eriantha,DE,2428DA,-24.625,28.625,C4,1.672,NA,-11.5,1.6,45.7,29.1,-7.356,4.19221042,110,269.5,159.5,594.4000000000001,3.71440300258034,14.216923076923074
1972,321,"Ellis, R.P.",1258,Poaceae,Pentameris pallida,PP,3319CB,-33.625,19.375,C3,1.795,4.2,-28,1.9,47,25.1,-7.356,21.23868313,117,263.5,146.5,197.04999999999998,1.3338136605993731,13.095676691729345
1973,316,"Ellis, R.P.",1412,Poaceae,Koeleria capensis,KC,2829CC,-28.875,29.125,C3,1.789,NA,-26.7,1.2,44.5,38.5,-7.39275,19.8368951,124,252,128,496.1,3.84573643410853,11.8119047619048
1973,313,"Ellis, R.P.",1431,Poaceae,Koeleria capensis,KC,2829CC,-28.875,29.125,C3,1.859,3.5,-24.6,1.8,46.8,25.3,-7.39275,17.64122411,124,252,128,496.1,3.84573643410853,11.8119047619048
1974,107,"Ellis, R.P.",2312,Poaceae,Pentameris pallida,PP,3418AB,-34.125,18.375,C3,1.943,1.1,-28.1,0.9,42.9,48.3,-7.483,21.21308777,119,260,141,1109.1,7.81056338028169,17.0630769230769
1974,210,"Ellis, R.P.",2229,Poaceae,Pentameris pallida,PP,3318DD,-33.875,18.875,C3,1.912,-2.9,-30.4,1.9,45.3,23.5,-7.483,23.6355198,119,298,179,751.3,4.173888888888889,10.42741228070177
1974,78,"Ellis, R.P.",2306,Poaceae,Pentameris pallida,PP,3318CD,-33.875,18.375,C3,1.764,1.9,-30.7,1.5,52,33.6,-7.483,23.95233674,120.6,257,136.4,805.24,5.753028316061042,13.74715926379312
1974,214,"Ellis, R.P.",2263,Poaceae,Pentameris pallida,PP,3318DD,-33.875,18.875,C3,1.82,-0.7,-28.3,2,44.8,22.3,-7.483,21.42327879,119,298,179,751.3,4.173888888888889,10.42741228070177
1974,60,"Ellis, R.P.",2307,Poaceae,Pentameris pallida,PP,3318CD,-33.875,18.375,C3,1.524,4.9,-28.9,1.1,42.6,39.2,-7.483,22.05437133,120.6,257,136.4,805.24,5.753028316061042,13.74715926379312
1974,206,"Ellis, R.P.",2210,Poaceae,Pentameris pallida,PP,3318DD,-33.875,18.875,C3,1.783,1.9,-28.8,0.9,39.2,44.1,-7.483,21.94913509,119,298,179,751.3,4.173888888888889,10.42741228070177
1974,216,"Ellis, R.P.",2262,Poaceae,Pentameris pallida,PP,3318DD,-33.875,18.875,C3,1.809,-0.6,-28.1,1.2,44.3,36.7,-7.483,21.21308777,119,298,179,751.3,4.173888888888889,10.42741228070177
1974,98,"Ellis, R.P.",2316,Poaceae,Pentameris pallida,PP,3418AB,-34.125,18.375,C3,1.945,1.8,-30.3,2.9,44.6,15.5,-7.483,23.52995772,119,260,141,1109.1,7.81056338028169,17.0630769230769
1974,215,"Ellis, R.P.",2223,Poaceae,Pentameris pallida,PP,3318DD,-33.875,18.875,C3,1.755,-2.1,-28.7,1.6,44.8,27.4,-7.483,21.84392052,119,298,179,751.3,4.173888888888889,10.42741228070177
1983,255,"Ellis, R.P.",4314,Poaceae,Koeleria capensis,KC,2430DD,-24.875,30.875,C3,1.865,0.6,-24.9,1.9,47,25.2,-7.65725,17.68305815,121.66666666666667,288.6666666666667,167,670.1,3.9597730783696665,13.921371636290834
1935,93,"Esterhuysen, E.E.",598,Poaceae,Pentameris pallida,PP,3318CD,-33.96666667,18.41666667,C3,1.871,2.4,-28.5,1,41.9,42.3,-6.976,22.15542975,107.25,272.5,165.25,559.9,3.2072510972775676,10.45208923328816
1935,55,"Esterhuysen, E.E.",589,Poaceae,Koeleria capensis,KC,3318CD,-33.875,18.375,C3,1.938,1.2,-27.4,1.3,42.2,31.9,-6.976,20.9993831,107.25,272.5,165.25,559.9,3.2072510972775676,10.45208923328816
1940,59,"Esterhuysen, E.E.",11753,Poaceae,Pentameris pallida,PP,3318CD,-33.875,18.375,C3,1.744,2,-28.5,1,42.7,43.7,-6.938,22.19454452,116,256.5,140.5,533.1999999999999,3.60700667033935,10.778137364688305
1950,246,"Esterhuysen, E.E.",18158,Poaceae,Pentameris pallida,PP,3219AC,-32.375,19.125,C3,1.647,NA,-29.2,0.6,46.1,74.9,-7.006,22.86155748,178,273,95,166.9,1.73854166666667,13.9083333333333
1953,66,"Esterhuysen, E.E.",22181,Poaceae,Pentameris pallida,PP,3318CD,-33.95,18.41666667,C3,1.872,3.8,-27.4,0.9,44.2,48.8,-7.010270232,20.96414741,96.33333333333333,232.66666666666666,136.33333333333334,475.7,3.4798464132586266,8.961748095613357
1954,88,"Esterhuysen, E.E.",22651,Poaceae,Pentameris pallida,PP,3318CD,-33.95,18.4,C3,1.802,-0.9,-27.4,1.3,45.3,34.6,-7.02960461,20.94426834,116.33333333333333,220.66666666666666,104.33333333333333,538.4333333333334,5.174497562804651,11.361698443400586
1958,90,"Esterhuysen, E.E.",27950,Poaceae,Pentameris pallida,PP,3318CD,-33.95,18.4,C3,1.901,2.9,-27.4,0.7,44.1,65.4,-7.066575548,20.90625586,106.8,243.6,136.8,407.38,2.95558129694277,8.578054093567253
1963,82,"Esterhuysen, E.E.",30036,Poaceae,Pentameris pallida,PP,3318CD,-33.995,18.41666667,C3,1.532,2.2,-30.5,1.3,43.8,34.4,-7.055,24.18256833,140.2,261.6,121.4,449.54,3.969436330035728,9.708428830697416
1973,68,"Esterhuysen, E.E.",33325,Poaceae,Pentameris pallida,PP,3318CD,-33.875,18.375,C3,1.95,2,-28.6,1,41.8,43.1,-7.39275,21.83163475,132.5,264.5,132,375.25,2.75299288808961,7.671550517554947
1973,165,"Esterhuysen, E.E.",33339,Poaceae,Pentameris pallida,PP,3319AD,-33.375,19.375,C3,1.702,5.4,-29.9,0.7,45.9,63.4,-7.39275,23.20095866,181,279,98,341.5,3.44949494949495,12.6481481481481
1949,212,"Esterhuysen, EE",15995,Poaceae,Pentameris pallida,PP,3318DD,-33.875,18.875,C3,1.901,3.6,-29.2,2.5,44.7,18,-7.03233859,22.83442667,112,248,136,420.54999999999995,3.06970802919708,9.089262523191088
1952,79,"Fairall, A.R.",248,Poaceae,Pentameris pallida,PP,3318CD,-33.98333333,18.41666667,C3,1.657,-0.2,-30,1.3,45.2,33.7,-6.996541783,23.71490538,147,275.5,128.5,503.52500000000003,4.08237635641301,9.87268860517148
1919,309,"Galpin, E.E.",393,Poaceae,Digitaria eriantha,DE,2428DA,-24.625,28.625,C4,1.988,NA,-9.9,1.5,42.7,29.4,-6.94453502,2.985016645,175,262,87,387.5,4.40340909090909,16.1458333333333
1929,284,"Galpin, E.E.",8874,Poaceae,Digitaria eriantha,DE,2429AA,-24.125,29.125,C4,1.639,3.5,-10.5,2.4,44.3,18.3,-6.841285714,3.697538439,129,276,147,501.1,3.38581081081081,16.1645161290323
1932,266,"Galpin, E.E.",s13160,Poaceae,Koeleria capensis,KC,2530AC,-25.375,30.125,C3,1.705,0.3,-26.7,2,46.6,23,-6.906,20.33699784,103.5,270.5,167,630.95,3.746807028822455,14.071733212341176
1951,81,"Garside, S.",25439,Poaceae,Pentameris pallida,PP,3318CD,-33.875,18.375,C3,1.576,0.9,-29.2,0.7,43.7,62.8,-6.993443595,22.87449156,99.25,226.5,127.25,686.125,4.943934268884642,9.52187890842328
1974,103,"Goldblatt, P.",3321,Poaceae,Pentameris pallida,PP,3418AB,-34.125,18.375,C3,1.448,4.7,-31.2,3.3,45.5,14,-7.483,24.48080099,119,260,141,1109.1,7.81056338028169,17.0630769230769
1979,166,"Goldblatt, P.",5234,Poaceae,Pentameris pallida,PP,3319AD,-33.375,19.375,C3,1.797,-2.5,-29.4,1.2,43.8,35.3,-7.539666667,22.52249468,141,294,153,383.6,2.49090909090909,10.6555555555556
1930,116,"Goossens, A.P.G.",128,Poaceae,Hyparrhenia hirta,HH,2528CB,-25.625,28.375,C4,1.671,4.7,-10.7,1,42.3,43.2,-6.933243381,3.807496835,95,269,174,828.3,4.73314285714286,12.3626865671642
1931,293,"Goossens, A.P.G.",869,Poaceae,Digitaria eriantha,DE,2827DD,-28.875,27.875,C4,1.846,5,-10.5,2,43.5,21.8,-6.9815,3.555836281,166.5,296.5,130,675.8,5.14411198600175,12.528833333333335
1931,297,"Goossens, A.P.G.",808,Poaceae,Digitaria eriantha,DE,2827DD,-28.875,27.875,C4,1.702,2.2,-10.7,2.9,46.2,16.1,-6.9815,3.758718286,166.5,296.5,130,675.8,5.14411198600175,12.528833333333335
1971,19,"Hanekom, W.J.",1706,Poaceae,Hyparrhenia hirta,HH,2528CA,-25.625,28.125,C4,1.87,8.7,-10.5,1.3,43.2,32.4,-7.3475,3.185952501,101,300,199,876.3,4.3815,15.9327272727273
2005,325,"Hauser, JR; Vaughan, AK",s.n.,Poaceae,Digitaria eriantha,DE,2231CA,22.4129,-22.4129,C4,1.694,NA,-13,1.5,45.8,30.6,-8.206351483,4.856786744,118,240,122,293.29999999999995,13.9666666666667,13.9666666666667
1969,239,"Haynes, R.A.",224,Poaceae,Pentameris pallida,PP,3319AC,-33.4,19.08333333,C3,1.66,NA,-28.2,1,46.7,45.9,-7.305,21.50133772,157.33333333333334,289,131.66666666666666,284.46666666666664,2.31113670120898,9.31299140345792
1975,203,"Haynes, R.A.",1199,Poaceae,Pentameris pallida,PP,3318DD,-33.875,18.875,C3,1.562,0.9,-27.3,2.3,47.3,20.6,-7.417666667,20.44035503,106,226,120,529.2,4.360156410784115,10.737132352941174
1925,148,"Hector, J.",1011,Poaceae,Hyparrhenia hirta,HH,2528CC,-25.875,28.125,C4,1.899,4,-9.7,1.2,42.1,34,-6.968,2.758759972,118.5,308,189.5,847.8499999999999,4.452069079673365,10.278893623273564
1925,145,"Hector, J.",1010,Poaceae,Digitaria eriantha,DE,2528CC,-25.875,28.125,C4,1.894,4.4,-10.6,2.1,43.5,20.8,-6.968,3.670911664,118.5,308,189.5,847.8499999999999,4.452069079673365,10.278893623273564
1983,167,"Hilliard, O.M.",16964,Poaceae,Koeleria capensis,KC,2929BC,-29.375,29.625,C3,1.674,-2.1,-27,1,42.5,41.5,-7.65725,19.8794964,63,230.5,167.5,541.8,3.3466875182909,12.722858701582101
1983,171,"Hilliard, O.M.",16245,Poaceae,Koeleria capensis,KC,2929BC,-29.375,29.625,C3,1.559,10.3,-23.7,1.2,44.6,35.9,-7.65725,16.43219297,63,230.5,167.5,541.8,3.3466875182909,12.722858701582101
1929,92,"Hitchcock, A.S.",24082,Poaceae,Hyparrhenia hirta,HH,3318CD,-33.875,18.375,C4,1.76,5.2,-10.9,0.9,44.8,47.2,-6.841285714,4.103441801,114.66666666666667,259,144.33333333333334,434.56666666666666,2.9225308239786965,7.11436434847042
1967,283,"Huntley, B.J.",1556,Poaceae,Digitaria eriantha,DE,2429AA,-24.125,29.125,C4,1.8,0.2,-11.9,2,47.3,23.8,-7.333,4.622001822,130,302.5,172.5,572.55,3.29892857142857,16.91978114478115
1968,279,"Huntley, B.J.",972,Poaceae,Digitaria eriantha,DE,2429AA,-24.125,29.125,C4,1.688,NA,-10.2,1.7,46.9,28.2,-7.336012423,2.893501291,129.5,291.5,162,371.75,2.2831827592697147,13.82083333333335
1968,285,"Huntley, B.J.",1193,Poaceae,Digitaria eriantha,DE,2429AA,-24.125,29.125,C4,1.665,NA,-12,1.8,45,24.8,-7.336012423,4.7206352,129.5,291.5,162,371.75,2.2831827592697147,13.82083333333335
1955,188,"Jacot Guillarmod, A.F.M.G.",2344,Poaceae,Koeleria capensis,KC,2929AD,-29.375,29.375,C3,1.608,-0.2,-25.6,2.7,62.1,22.7,-7.049520585,19.03784833,118,253,135,892.9,6.56544117647059,13.3268656716418
1955,187,"Jacot Guillarmod, A.F.M.G.",2360,Poaceae,Koeleria capensis,KC,2929AD,-29.375,29.375,C3,1.822,2.3,-26.8,1.3,41.7,31.3,-7.049520585,20.29436849,118,253,135,892.9,6.56544117647059,13.3268656716418
1970,294,"Jarman, N.G.",46,Poaceae,Digitaria eriantha,DE,2827DD,-28.875,27.875,C4,1.628,NA,-11.1,1,45.5,45.2,-7.318156423,3.824293232,106,220,114,334.6,2.9095652173913,10.1393939393939
1970,295,"Jarman, N.G.",122,Poaceae,Digitaria eriantha,DE,2827DD,-28.875,27.875,C4,1.718,NA,-11,1.8,45.5,25.1,-7.318156423,3.722794314,106,220,114,334.6,2.9095652173913,10.1393939393939
1986,196,"Jeffers, L.N.",505,Poaceae,Digitaria eriantha,DE,2627CA,-26.625,27.125,C4,1.725,1.8,-12.7,2.5,45.5,18,-7.734,5.029879469,118,267,149,412.125,2.77722457438388,7.525329855841397
1919,270,"Junod, H.A.",4086,Poaceae,Digitaria eriantha,DE,2430AA,-24.125,30.125,C4,1.552,NA,-9.4,1.2,46.1,38.8,-6.94453502,2.478765375,164,236,72,523.9,7.17671232876712,10.478
1979,254,"Kluge, J.P.",1964,Poaceae,Koeleria capensis,KC,2430DD,-24.875,30.875,C3,1.786,3.3,-27.1,2,45.4,22.6,-7.539666667,20.10518381,116.5,246,129.5,764.25,5.842523860021205,15.6039702233251
1921,281,"Knothe, C.",PRE 7960,Poaceae,Digitaria eriantha,DE,2429AA,-24.125,29.125,C4,1.863,1.7,-11,2.1,46.3,22.3,-6.89513872,4.150516966,116,255,139,646.4,4.61714285714286,20.2
1974,200,"Kok, P.",618,Poaceae,Digitaria eriantha,DE,2627CA,-26.625,27.125,C4,1.783,1.6,-11.5,1.5,44.2,28.9,-7.483,4.063732929,112,299.5,187.5,625.3,3.31742795226838,9.9707982209738
1973,289,"Kok, P.D.F.",493,Poaceae,Digitaria eriantha,DE,2626DD,-26.875,26.875,C4,1.746,NA,-11.3,1.3,46,36.2,-7.39275,3.951906544,144.66666666666666,286.3333333333333,141.66666666666666,518.9,3.7540697674418597,14.108607982199933
1974,132,"Kok, P.D.F.",518,Poaceae,Digitaria eriantha,DE,2528CC,-25.875,28.125,C4,1.813,0,-10.8,1.1,44.2,40.4,-7.483,3.353214719,88,264,176,699.7333333333333,3.971625421168813,10.22870296322197
1974,291,"Kok, P.D.F.",617,Poaceae,Digitaria eriantha,DE,2626DD,-26.875,26.875,C4,1.969,6.2,-10.9,2.9,46.1,16.1,-7.483,3.454655748,114.66666666666667,298.6666666666667,184,713.3333333333334,3.9801578559447632,11.4584257798479
1974,140,"Kok, P.D.F.",517,Poaceae,Digitaria eriantha,DE,2528CC,-25.875,28.125,C4,1.74,2.7,-11.9,1.2,43.1,36.4,-7.483,4.470195324,88,264,176,699.7333333333333,3.971625421168813,10.22870296322197
1908,190,"Leendertz, R.",TRV 6168,Poaceae,Hyparrhenia hirta,HH,2628AA,-26.125,28.125,C4,1.771,1,-10.1,2.5,44.2,17.5,-6.838275076,3.295004469,99.5,269,169.5,615.3,3.62019693272917,8.39264239028945
1974,280,"Leendertz, R.",1887,Poaceae,Digitaria eriantha,DE,2429AA,-24.125,29.125,C4,1.779,NA,-9.6,1.7,45.4,26.4,-7.483,2.137520194,88,251,163,587.7,3.6190673575129546,17.23792207792205
1948,162,"Liebenberg, L.C.C.",4325,Poaceae,Pentameris pallida,PP,3319AD,-33.375,19.375,C3,1.807,-1.6,-29.8,1.5,44.6,29.3,-7.043,23.45598846,69,284,215,490.8,2.27222222222222,10.4425531914894
1951,23,"Liebenberg, L.C.C.",348A,Poaceae,Digitaria eriantha,DE,2528CA,-25.625,28.125,C4,1.683,5.2,-10.3,1.4,43.3,29.9,-6.993443595,3.340968379,144,319.6666666666667,175.66666666666666,549.5666666666667,3.110386706043487,10.056142857142866
1944,209,"Liebenberg, LCC",4046,Poaceae,Pentaschistis pallida,PP,3318DD,-33.875,18.875,C3,1.568,6.6,-29.5,0.4,40.6,92.3,-7.079100425,23.10242099,127,276,149,678.9,4.524463309480421,10.788760080645151
1962,303,"Lubke, R.A.",254,Poaceae,Koeleria capensis,KC,2828DD,-28.875,28.875,C3,1.706,NA,-25.1,1.4,46.3,33.8,-7.091,18.47266386,119,257,138,749.9,5.39496402877698,14.4211538461538
1978,46,"Manders, R.",1,Poaceae,Hyparrhenia hirta,HH,2528CA,-25.625,28.125,C4,1.945,1.5,-12.1,1,42.6,41.3,-7.502,4.654317239,111,254.33333333333334,143.33333333333334,872.2333333333333,6.236445493487193,18.6042173696653
1982,174,"Manning, J.C.",15904,Poaceae,Koeleria capensis,KC,2929CB,-29.625,29.375,C3,1.803,-4.6,-26.5,1.1,43.9,40.8,-7.643,19.3703133,130,267,137,630,4.56521739130435,8.4
1902,220,"Marloth, H.W.R.",3036B,Poaceae,Pentameris pallida,PP,3318DD,-33.875,18.875,C3,1.802,5.2,-28.2,0.7,41.5,60.8,-6.769743787,22.05212617,140,274,134,787.3,5.83185185185185,11.4101449275362
1902,58,"Marloth, H.W.R.",3049,Poaceae,Pentameris pallida,PP,3318CD,-33.875,18.375,C3,1.955,-0.3,-27.5,1.3,43.6,33.9,-6.769743787,21.31645883,139,274,135,805.0333333333333,5.935501878690286,10.095366388532304
1925,137,"McClean, A.P.D.",20,Poaceae,Digitaria eriantha,DE,2528CC,-25.875,28.125,C4,1.711,2.5,-10,2.5,45,18.3,-6.968,3.062626263,118.5,308,189.5,847.8499999999999,4.452069079673365,10.278893623273564
1925,147,"McClean, A.P.D.",31,Poaceae,Hyparrhenia hirta,HH,2528CC,-25.875,28.125,C4,1.854,4.1,-10.4,1.9,46.1,23.9,-6.968,3.468067906,118.5,308,189.5,847.8499999999999,4.452069079673365,10.278893623273564
1981,153,"McDonald, D.J.",620,Poaceae,Koeleria capensis,KC,3418BB,-34.125,18.875,C3,1.761,-3.1,-24.9,1,44.9,44.7,-7.610985883,17.73050366,170,262,92,422.4,4.54193548387097,10.8307692307692
1933,191,"Meebold, A.",13885,Poaceae,Hyparrhenia hirta,HH,2628AA,-26.125,28.125,C4,1.665,8,-11.9,1.2,42.6,37,-6.912,5.048072057,117.44444444444444,279.55555555555554,162.11111111111111,433.0888888888889,2.6906455463459156,7.948128301925423
1918,172,"Mogg, A.O.D.",3271,Poaceae,Koeleria capensis,KC,2929BC,-29.375,29.625,C3,1.701,1.4,-26.6,1.7,42.1,25.1,-6.938044526,20.19925567,117,244,127,981.7,7.66953125,12.27125
1929,138,"Mogg, A.O.D.",PRE 7969,Poaceae,Digitaria eriantha,DE,2528CC,-25.875,28.125,C4,1.966,1.7,-10.5,1.9,43.7,22.9,-6.841285714,3.697538439,140.5,279.5,139,558.25,3.99140114379085,12.8078689370485
1931,1,"Mogg, A.O.D.",16454,Poaceae,Digitaria eriantha,DE,2528CA,-25.625,28.125,C4,1.802,5.2,-11.4,2.7,54.1,20.3,-6.9815,4.46945175,141.66666666666666,288.3333333333333,146.66666666666666,437.1333333333333,3.010114217553977,8.70354525648643
1931,3,"Mogg, A.O.D.",16471,Poaceae,Digitaria eriantha,DE,2528CA,-25.625,28.125,C4,1.841,2.5,-10.8,1.2,42.1,36.6,-6.9815,3.860190053,141.66666666666666,288.3333333333333,146.66666666666666,437.1333333333333,3.010114217553977,8.70354525648643
1931,4,"Mogg, A.O.D.",16453,Poaceae,Digitaria eriantha,DE,2528CA,-25.625,28.125,C4,1.82,8.8,-10.1,2,50.9,24.8,-6.9815,3.150318214,141.66666666666666,288.3333333333333,146.66666666666666,437.1333333333333,3.010114217553977,8.70354525648643
1931,52,"Mogg, A.O.D.",16472,Poaceae,Digitaria eriantha,DE,2528CA,-25.625,28.125,C4,1.788,3,-11.3,1.2,43.5,37,-6.9815,4.367856782,141.66666666666666,288.3333333333333,146.66666666666666,437.1333333333333,3.010114217553977,8.70354525648643
1932,12,"Mogg, A.O.D.",12348,Poaceae,Hyparrhenia hirta,HH,2528CA,-25.625,28.125,C4,1.718,2.3,-11.7,0.9,40.5,43.7,-6.906,4.85075382,111,262,151,502.35,3.304934210526315,9.38925576519916
1932,17,"Mogg, A.O.D.",12331,Poaceae,Digitaria eriantha,DE,2528CA,-25.625,28.125,C4,1.632,3.7,-11.6,1.5,42.9,29.2,-6.906,4.749089437,111,262,151,502.35,3.304934210526315,9.38925576519916
1932,36,"Mogg, A.O.D.",12329,Poaceae,Digitaria eriantha,DE,2528CA,-25.625,28.125,C4,1.701,7.3,-11.1,1.6,43.6,27.9,-6.906,4.241075943,111,262,151,502.35,3.304934210526315,9.38925576519916
1932,38,"Mogg, A.O.D.",12330,Poaceae,Digitaria eriantha,DE,2528CA,-25.625,28.125,C4,1.651,6.8,-9.5,2.5,43.5,17.3,-6.906,2.618879354,111,262,151,502.35,3.304934210526315,9.38925576519916
1936,6,"Mogg, A.O.D.",13715,Poaceae,Digitaria eriantha,DE,2528CA,-25.625,28.125,C4,1.703,3.4,-10.4,1.2,41.2,33.1,-6.939,3.497372676,170.33333333333334,327,156.66666666666666,638.9666666666667,4.0939787244872,15.460565961626166
1969,127,"Mogg, A.O.D.",34154,Poaceae,Hyparrhenia hirta,HH,2627BB,-26.125,27.875,C4,1.658,1.9,-12,0.3,45.4,129.8,-7.305,4.752024291,127.66666666666667,325.6666666666667,198,583.3666666666667,2.9327194292351066,6.697142857142857
1964,226,"Moll, E.J.",1208,Poaceae,Koeleria capensis,KC,2930AC,-29.375,30.125,C3,1.831,0.3,-25.7,1.9,44.7,24.1,-7.066939165,19.12456208,108,232,124,689.45,5.55235123175484,11.9768148820327
1964,230,"Moll, E.J.",1094,Poaceae,Koeleria capensis,KC,2930AC,-29.375,30.125,C3,1.838,-0.3,-28,2.3,41.2,17.8,-7.066939165,21.53607082,108,232,124,689.45,5.55235123175484,11.9768148820327
2005,323,"Morrison, E; Klasen, M",4,Poaceae,Digitaria eriantha,DE,2231CA,22.4227,-22.4227,C4,1.718,6.8,-13.6,2.1,47.3,22.5,-8.206351483,5.4680135,118,240,122,293.29999999999995,13.9666666666667,13.9666666666667
1991,175,"Moss, H.",1770,Poaceae,Koeleria capensis,KC,2929CB,-29.625,29.375,C3,1.87,-7,-25.4,1.3,44.2,34.5,-7.850039383,18.00734724,151,268,117,741,6.27966101694915,11.7619047619048
1964,8,"Oakes, A.C.J.",245,Poaceae,Digitaria eriantha,DE,2528CA,-25.625,28.125,C4,1.704,2.6,-11.7,0.4,42,103.8,-7.066939165,4.687909375,105,258,153,534.8333333333334,3.461230564707243,12.3526397011046
1931,134,"Obermeyer, A.A.",TRV 29134,Poaceae,Digitaria eriantha,DE,2528CC,-25.875,28.125,C4,1.882,5,-11.1,2,43,21.2,-6.9815,4.164728486,128.5,285.5,157,407.4,2.57848101265823,10.620051579626045
1944,155,"Parker, R.N.",3954,Poaceae,Koeleria capensis,KC,3418BB,-34.125,18.875,C3,1.896,1.4,-28.5,1.5,42.8,29.1,-7.079100425,22.04930476,127,277,150,718,4.75496688741722,11.5806451612903
2003,331,"Pettit, N",61,Poaceae,Digitaria eriantha,DE,2431DC,24.5753,-24.5753,C4,1.63,NA,-14.2,1.8,45.9,25.7,-8.15301815,6.134085869,156,315.5,159.5,191.39999999999998,7.35029761904762,7.975
1917,142,"Pole-Evans, I.B.",130,Poaceae,Digitaria eriantha,DE,2528CC,-25.875,28.125,C4,1.761,6.3,-9.6,1.2,42.3,33.9,-6.919656769,2.70632394,137.5,236.5,99,491,4.91446578631453,11.418604651162799
1922,94,"Pole-Evans, I.B.",489,Poaceae,Koeleria capensis,KC,3318CD,-33.875,18.375,C3,1.797,2.6,-28.2,1.5,43.4,29.7,-6.857960447,21.96134961,123.5,250.5,127,459.05,3.586328125,7.762529274004685
1925,13,"Pole-Evans, I.B.",1528,Poaceae,Digitaria eriantha,DE,2528CA,-25.625,28.125,C4,1.651,1,-10.3,0.5,40.8,81.6,-6.968,3.366676771,125.5,308,182.5,901.65,4.913784449988125,10.403671792152725
1931,290,"Pole-Evans, I.B.",3121,Poaceae,Digitaria eriantha,DE,2626DD,-26.875,26.875,C4,1.858,2.6,-10.5,1.7,45.3,26,-6.9815,3.555836281,151.5,292.5,141,464.65,3.2980661040787647,13.8496951219512
1931,292,"Pole-Evans, I.B.",3123,Poaceae,Digitaria eriantha,DE,2626DD,-26.875,26.875,C4,1.943,NA,-10.5,1.4,45.2,32.7,-6.9815,3.555836281,151.5,292.5,141,464.65,3.2980661040787647,13.8496951219512
1931,201,"Pole-Evans, I.B.",3120,Poaceae,Digitaria eriantha,DE,2627CA,-26.625,27.125,C4,1.594,2,-10.9,1.9,42.2,22.6,-6.9815,3.961682337,170.25,292.5,122.25,414.85,3.3888678530859524,11.380029761904778
1934,144,"Pole-Evans, I.B.",3690,Poaceae,Hyparrhenia hirta,HH,2528CC,-25.875,28.125,C4,1.85,4.3,-10.3,1.4,45.7,32,-6.961154178,3.373593838,123.75,243,119.25,712.2,5.9234701714316245,15.229509847696626
2005,330,"Policzer, JT",10,Poaceae,Digitaria eriantha,DE,2431DC,-24.594,31.3541,C4,1.727,NA,-13.5,0.5,40.1,78.9,-8.206351483,5.366090742,117,246,129,267.3,7.637142857142861,7.861764705882351
1984,126,"Robinson, E.R.",10,Poaceae,Hyparrhenia hirta,HH,2627BB,-26.125,27.875,C4,1.625,4,-11.4,1.4,41.5,29.8,-7.6955,3.747218288,97,229,132,551,4.551345029239765,13.4885746606335
1925,16,"Robinson, M.",15,Poaceae,Digitaria eriantha,DE,2528CA,-25.625,28.125,C4,1.787,5.5,-11.3,2.2,40,17.9,-6.968,4.381511075,125.5,308,182.5,901.65,4.913784449988125,10.403671792152725
1921,156,"Rogers, F.A.",26640,Poaceae,Koeleria capensis,KC,3418BB,-34.125,18.875,C3,1.863,3.7,-28,0.5,40.2,74.6,-6.89513872,21.71282025,154,250,96,593.2,6.11546391752577,12.3583333333333
1945,204,"Rycroft, H.B.",1034,Poaceae,Pentameris pallida,PP,3318DD,-33.875,18.875,C3,1.719,-2,-31.7,1.2,43.3,36.8,-7.033,25.47454301,114.5,221.5,107,716.15,6.608070054945055,13.40345911949685
1988,199,"Saayman, E.J.L.",146,Poaceae,Digitaria eriantha,DE,2627CA,-26.625,27.125,C4,1.811,-1.2,-11.8,2.6,43.9,16.8,-7.804333333,4.043378533,66,255,189,706.25,3.7171052631578902,11.775094696969715
1988,267,"Saayman, E.J.L.",90,Poaceae,Koeleria capensis,KC,2430DD,-24.875,30.875,C3,1.806,NA,-27.9,1.2,45.4,37.1,-7.804333333,20.67242739,21,81.5,60.5,904.2,14.57846153846155,32.53733333333335
1988,256,"Saayman, E.J.L.",91,Poaceae,Koeleria capensis,KC,2430DD,-24.875,30.875,C3,1.775,NA,-27.4,1,44.9,45.1,-7.804333333,20.14771403,21,81.5,60.5,904.2,14.57846153846155,32.53733333333335
1929,80,"Sandwith, C.",88,Poaceae,Hyparrhenia hirta,HH,3318CD,-33.875,18.375,C4,1.617,-0.6,-11.4,0.9,43.1,49.8,-6.841285714,4.611282911,114.66666666666667,259,144.33333333333334,434.56666666666666,2.9225308239786965,7.11436434847042
1929,95,"Sandwith, C.",130,Poaceae,Hyparrhenia hirta,HH,3318CD,-33.875,18.375,C4,1.828,-0.4,-11.3,0.3,41.3,123,-6.841285714,4.509673597,114.66666666666667,259,144.33333333333334,434.56666666666666,2.9225308239786965,7.11436434847042
1929,67,"Sandwith, C.",10,Poaceae,Hyparrhenia hirta,HH,3318CD,-33.875,18.375,C4,1.968,1.9,-11.1,1.2,43.5,34.8,-6.841285714,4.30651662,114.66666666666667,259,144.33333333333334,434.56666666666666,2.9225308239786965,7.11436434847042
1929,152,"Sandwith, C.",103B,Poaceae,Koeleria capensis,KC,3418BB,-34.125,18.875,C3,1.74,4.2,-26.8,1.1,43.5,40.8,-6.841285714,20.50833774,99,243,144,509.5,3.51379310344828,11.0760869565217
1946,300,"Schelpe, EACLE",1399,Poaceae,Koeleria capensis,KC,2828DD,-28.875,28.875,C3,1.86,NA,-24.9,1.3,46.7,36.5,-6.983,18.37452569,150,274,124,652.7,5.2216,14.5044444444444
1892,71,"Schlechter, F.R.R.",847,Poaceae,Pentameris pallida,PP,3318CD,-33.95,18.46666667,C3,1.178,2.8,-27.2,0.9,43.6,46.8,-6.830153626,20.939398,112.5,247.5,135,673.45,4.987171355776005,9.538203463203445
1896,240,"Schlechter, F.R.R.",9037,Poaceae,Pentameris pallida,PP,3319AC,-33.375,19.125,C3,1.84,NA,-29.1,0.5,45.7,83.8,-6.857648154,22.90900386,126,307,181,280.4,1.54500075494489,7.340336134453786
1929,131,"Skea, D.",69,Poaceae,Hyparrhenia hirta,HH,2528CC,-25.875,28.125,C4,1.621,2,-10.3,2.3,44.4,19.5,-6.841285714,3.494709797,140.5,279.5,139,558.25,3.99140114379085,12.8078689370485
1929,35,"Skea, D.",65,Poaceae,Digitaria eriantha,DE,2528CA,-25.625,28.125,C4,1.764,2.7,-10.6,1.2,41.1,35,-6.841285714,3.798983511,142.66666666666666,263,120.33333333333333,580.6333333333333,4.82154801051051,13.576086956521767
1929,2,"Skea, D.",21,Poaceae,Digitaria eriantha,DE,2528CA,-25.625,28.125,C4,1.973,4.1,-10.9,2.5,44.4,17.6,-6.841285714,4.103441801,142.66666666666666,263,120.33333333333333,580.6333333333333,4.82154801051051,13.576086956521767
1926,50,"Smith, C.A.",2296,Poaceae,Digitaria eriantha,DE,2528CA,-25.625,28.125,C4,1.823,12.2,-10.5,3.3,44.1,13.5,-6.966800343,3.570691922,69.5,259,189.5,556.1,2.9192212301587297,9.60107142857143
1932,18,"Smith, C.A.",6122,Poaceae,Digitaria eriantha,DE,2528CA,-25.625,28.125,C4,1.857,4.4,-10.5,1.8,42.9,23.3,-6.906,3.632137443,111,262,151,502.35,3.304934210526315,9.38925576519916
1932,37,"Smith, C.A.",6070,Poaceae,Digitaria eriantha,DE,2528CA,-25.625,28.125,C4,1.676,3.4,-10.7,2,42.7,21,-6.906,3.835034873,111,262,151,502.35,3.304934210526315,9.38925576519916
1932,34,"Smith, C.A.",6078B,Poaceae,Digitaria eriantha,DE,2528CA,-25.625,28.125,C4,1.653,3.9,-10.3,1.3,42.2,33.4,-6.906,3.429322017,111,262,151,502.35,3.304934210526315,9.38925576519916
1932,31,"Smith, C.A.",6074,Poaceae,Digitaria eriantha,DE,2528CA,-25.625,28.125,C4,1.807,4.5,-10.3,1.8,40.7,22.3,-6.906,3.429322017,111,262,151,502.35,3.304934210526315,9.38925576519916
1932,40,"Smith, C.A.",6238,Poaceae,Digitaria eriantha,DE,2528CA,-25.625,28.125,C4,1.531,3,-10.3,1.3,42,32.7,-6.906,3.429322017,111,262,151,502.35,3.304934210526315,9.38925576519916
1932,29,"Smith, C.A.",6133,Poaceae,Digitaria eriantha,DE,2528CA,-25.625,28.125,C4,1.874,5.5,-10.8,1.2,42.7,35.6,-6.906,3.936514355,111,262,151,502.35,3.304934210526315,9.38925576519916
1932,14,"Smith, C.A.",6059,Poaceae,Digitaria eriantha,DE,2528CA,-25.625,28.125,C4,1.673,1.3,-9.6,1.6,42.5,26.9,-6.906,2.720113086,111,262,151,502.35,3.304934210526315,9.38925576519916
1932,11,"Smith, C.A.",6079,Poaceae,Digitaria eriantha,DE,2528CA,-25.625,28.125,C4,1.847,5.6,-11.1,1.8,41.8,23.1,-6.906,4.241075943,111,262,151,502.35,3.304934210526315,9.38925576519916
1932,42,"Smith, C.A.",6072,Poaceae,Digitaria eriantha,DE,2528CA,-25.625,28.125,C4,1.856,5.2,-10.7,1.4,41.1,28.6,-6.906,3.835034873,111,262,151,502.35,3.304934210526315,9.38925576519916
1932,22,"Smith, C.A.",6249,Poaceae,Digitaria eriantha,DE,2528CA,-25.625,28.125,C4,1.901,4.7,-10.7,1.6,40.8,25.1,-6.906,3.835034873,111,262,151,502.35,3.304934210526315,9.38925576519916
1932,44,"Smith, C.A.",6078,Poaceae,Digitaria eriantha,DE,2528CA,-25.625,28.125,C4,1.983,4.4,-10.4,1.7,42.8,25.6,-6.906,3.530719483,111,262,151,502.35,3.304934210526315,9.38925576519916
1932,33,"Smith, C.A.",6248,Poaceae,Digitaria eriantha,DE,2528CA,-25.625,28.125,C4,1.717,6.3,-10.9,2.4,41.8,17.5,-6.906,4.038014356,111,262,151,502.35,3.304934210526315,9.38925576519916
1932,30,"Smith, C.A.",6137,Poaceae,Digitaria eriantha,DE,2528CA,-25.625,28.125,C4,1.945,4,-10.9,1.5,40,27.3,-6.906,4.038014356,111,262,151,502.35,3.304934210526315,9.38925576519916
1978,141,"Smook, L.",1078,Poaceae,Koeleria capensis,KC,2829CC,-28.875,29.125,C3,1.734,-1.6,-26.5,2.2,43.6,19.9,-7.502,19.51515152,81,292,211,1127.5,5.31839622641509,16.1071428571429
1978,315,"Smook, L.",1084,Poaceae,Koeleria capensis,KC,2829CC,-28.875,29.125,C3,1.801,-0.5,-26.5,2.1,44.7,21.3,-7.502,19.51515152,81,292,211,1127.5,5.31839622641509,16.1071428571429
1978,301,"Smook, L.",1044,Poaceae,Koeleria capensis,KC,2828DD,-28.875,28.875,C3,1.813,NA,-26.3,1.3,46,34.4,-7.502,19.30574099,81,292,211,1127.5,5.31839622641509,16.1071428571429
1978,168,"Smook, L.",1061,Poaceae,Koeleria capensis,KC,2929BC,-29.375,29.625,C3,1.929,4.8,-26.4,1.3,43.9,33.1,-7.502,19.4104355,81,275.5,194.5,739.9000000000001,3.7733314852948947,12.1927091740651
1979,314,"Smook, L.",1371,Poaceae,Koeleria capensis,KC,2829CC,-28.875,29.125,C3,1.893,-1.6,-25.7,1.8,44.6,25.4,-7.539666667,18.63936501,84,258,174,820,4.68571428571429,17.0833333333333
1979,183,"Smook, L.",1383,Poaceae,Koeleria capensis,KC,2929AD,-29.375,29.375,C3,1.758,1.2,-25.6,2.2,44.2,20.1,-7.539666667,18.53482485,114,247,133,850.2,6.34477611940298,12.8818181818182
1979,312,"Smook, L.",1376,Poaceae,Koeleria capensis,KC,2829CC,-28.875,29.125,C3,1.792,NA,-26.1,1.7,45.7,26.9,-7.539666667,19.05774036,84,258,174,820,4.68571428571429,17.0833333333333
1979,311,"Smook, L.",1377,Poaceae,Koeleria capensis,KC,2829CC,-28.875,29.125,C3,1.769,NA,-26.3,1.4,47.5,33.5,-7.539666667,19.26705693,84,258,174,820,4.68571428571429,17.0833333333333
1979,317,"Smook, L.",1379,Poaceae,Koeleria capensis,KC,2829CC,-28.875,29.125,C3,1.615,NA,-26.6,1.8,45,25.5,-7.539666667,19.58119307,84,258,174,820,4.68571428571429,17.0833333333333
1983,9,"Smook, L.",4761,Poaceae,Digitaria eriantha,DE,2528CA,-25.625,28.125,C4,1.837,3.2,-11.8,2,43.5,22,-7.65725,4.192218174,99.5,253,153.5,516.05,3.3939614986187854,11.555817682088886
1984,263,"Spies, J.J.",1565A,Poaceae,Koeleria capensis,KC,2530AC,-25.375,30.125,C3,1.817,3.1,-27.5,3,45.3,15.1,-7.6955,20.36452442,102,214,112,697.1,6.16902654867257,14.5229166666667
1986,69,"Spies, J.J.",3239,Poaceae,Pentameris pallida,PP,3318CD,-33.875,18.375,C3,1.819,0.4,-29.3,1.1,42.3,37.5,-7.734,22.21695684,135,258,123,611.0333333333333,4.806425364758697,9.72762923351159
1986,91,"Spies, J.J.",3239,Poaceae,Pentameris pallida,PP,3318CD,-33.875,18.375,C3,1.857,3.2,-29.7,1.2,41.2,33.8,-7.734,22.63835927,135,258,123,611.0333333333333,4.806425364758697,9.72762923351159
1987,99,"Spies, J.J.",3433,Poaceae,Pentameris pallida,PP,3418AB,-34.125,18.375,C3,1.673,1.9,-29.9,1.2,42.1,35.4,-7.7495,22.83321307,123,266,143,898.6,6.24027777777778,14.4935483870968
1987,101,"Spies, J.J.",3439,Poaceae,Pentameris pallida,PP,3418AB,-34.125,18.375,C3,1.754,1.5,-30.6,1.6,43.8,27,-7.7495,23.57179699,123,266,143,898.6,6.24027777777778,14.4935483870968
1987,83,"Spies, J.J.",3652,Poaceae,Pentameris pallida,PP,3318CD,-33.875,18.375,C3,1.65,0.9,-29.9,1.1,43.3,38.9,-7.7495,22.83321307,102,266,164,773,4.68484848484848,11.2028985507246
1988,164,"Spies, J.J.",3860,Poaceae,Pentameris pallida,PP,3319AD,-33.375,19.375,C3,1.912,8,-29.6,1.6,45.2,28.1,-7.804333333,22.46049739,92,269,177,427.8,2.40337078651685,7.37586206896552
1988,104,"Spies, J.J.",3911,Poaceae,Pentameris pallida,PP,3418AB,-34.125,18.375,C3,1.651,7,-31,1.4,43.7,30.9,-7.804333333,23.9377365,110,258,148,771.6,5.17852348993289,12.6491803278689
1988,161,"Spies, J.J.",3859,Poaceae,Pentameris pallida,PP,3319AD,-33.375,19.375,C3,1.659,-3.6,-29.5,2.5,44.2,17.7,-7.804333333,22.3551434,92,269,177,427.8,2.40337078651685,7.37586206896552
1969,238,"Stehle, T.C.",TS.230,Poaceae,Pentameris densifolia,PP,3319AC,-33.375,19.125,C3,1.729,0.8,-31.3,2.6,46.2,17.8,-7.305,24.77031073,157.33333333333334,289,131.66666666666666,284.46666666666664,2.31113670120898,9.31299140345792
1919,20,"Stent, S.M.",PRE19940,Poaceae,Hyparrhenia hirta,HH,2528CA,-25.625,28.125,C4,1.92,4.5,-10.5,0.9,40.9,44.4,-6.94453502,3.593193512,139.5,262,122.5,551.2,4.466137079831935,10.913960784313751
1919,53,"Stent, S.M.",PRE 19939,Poaceae,Hyparrhenia hirta,HH,2528CA,-25.625,28.125,C4,1.738,5.9,-10.2,1.2,42,35.7,-6.94453502,3.289012912,139.5,262,122.5,551.2,4.466137079831935,10.913960784313751
1929,151,"Stent, S.M.",PRE 8088,Poaceae,Digitaria eriantha,DE,2528CC,-25.875,28.125,C4,1.803,4.2,-10.6,1.6,42.2,25.7,-6.841285714,3.798983511,140.5,279.5,139,558.25,3.99140114379085,12.8078689370485
1971,332,Stephen; Oakes,154;1394,Poaceae,Digitaria eriantha,DE,2531BB,-25.0709,31.5458,C4,1.826,4.8,-11,2.6,45.5,17.3,-7.3475,3.693124368,132.5,286.5,154,495.5,5.630425312392525,12.076076555023938
1971,328,Stephen; Oakes,172;1415,Poaceae,Digitaria eriantha,DE,2431DC,-24.544,31.424,C4,1.925,4.3,-10.4,2.2,46.2,21,-7.3475,3.084579628,149,279.5,130.5,599.7,11.201970443349744,20.1926267281106
1963,219,"Taylor, H.C.",5586,Poaceae,Pentameris pallida,PP,3318DD,-33.875,18.875,C3,1.683,-3.1,-30.4,0.6,44.2,70.1,-7.055,24.07693894,133,236,103,467.6,4.49615384615385,12.6378378378378
1964,205,"Taylor, H.C.",6031,Poaceae,Pentameris pallida,PP,3318DD,-33.875,18.875,C3,1.869,-0.4,-28.5,1,43.8,46,-7.066939165,22.06182278,124,244,120,452,3.73553719008264,11.5897435897436
1964,243,"Taylor, H.C.",6141,Poaceae,Pentameris pallida,PP,3219AC,-32.375,19.125,C3,1.746,NA,-27,0.5,46.1,87.2,-7.066939165,20.48618791,154,167,13,88.2,6.3,12.6
1913,47,Theiler,TRV 26678,Poaceae,Digitaria eriantha,DE,2528CA,-25.625,28.125,C4,1.845,7.2,-10.3,1.9,40.5,21.7,-6.867,3.468727897,135,293,158,623.3,3.92012578616352,8.65694444444444
1912,21,"Theiler, A.C.",TRV 12018,Poaceae,Hyparrhenia hirta,HH,2528CA,-25.625,28.125,C4,1.684,1.9,-11.3,1.2,41.5,34.9,-6.877314958,4.47323257,291,365,74,223.4,2.97866666666667,9.71304347826087
1912,24,"Theiler, A.C.",TRV 12020,Poaceae,Digitaria eriantha,DE,2528CA,-25.625,28.125,C4,1.857,5.5,-10.3,2.2,41.5,19.2,-6.877314958,3.45830559,291,365,74,223.4,2.97866666666667,9.71304347826087
1949,320,van Breda,341,Poaceae,Pentameris pallida,PP,3319CB,-33.625,19.375,C3,1.785,NA,-27.8,1.6,47.9,29.3,-7.03233859,21.36151143,141,321,180,370.55,2.221328320802005,10.79346320346321
1969,217,"van der Merwe, C.V.",1320,Poaceae,Pentameris pallida,PP,3318DD,-33.96666667,18.91666667,C3,1.628,3.5,-29.6,0.5,43.6,79.5,-7.305,22.97506183,153,289,136,361.3,2.635075660699065,7.43944444444444
1960,208,"van der Merwe, P.",24-26,Poaceae,Pentaschistis pallida,PP,3318DD,-33.875,18.875,C3,1.833,-1.4,-27.9,2.6,45.8,17.5,-7.084214775,21.41321389,127,174,47,312.8,6.51666666666667,14.8952380952381
1961,207,"van der Merwe, P.",25-8,Poaceae,Pentameris pallida,PP,3318DD,-33.875,18.875,C3,1.811,-0.4,-29.4,1.1,39.2,36.9,-7.10056577,22.974896179999998,119,258,139,485.4,3.46714285714286,10.5521739130435
1962,218,"van der Merwe, P.",954,Poaceae,Pentameris pallida,PP,3318DD,-33.875,18.875,C3,1.725,-0.8,-25.2,1.6,44.6,28.4,-7.091,18.57714403,157,238,81,580.8,7.08292682926829,15.6972972972973
1952,340,"van der Schijff, HP",217,Poaceae,Digitaria eriantha,DE,2531AB,-25.1,31.1557,C4,1.892,3.9,-9.9,1.9,45,24,-6.996541783,2.932489867,49,273,224,832.7,3.70088888888889,12.068115942029
1952,335,"van der Schijff, HP",224,Poaceae,Digitaria eriantha,DE,2531AB,-25.1,31.1557,C4,1.901,3.2,-10.2,2.4,40.4,17,-6.996541783,3.236470213,49,273,224,832.7,3.70088888888889,12.068115942029
1952,348,"van der Schijff, HP",376,Poaceae,Digitaria eriantha,DE,2531AB,-25.1244,31.2201,C4,1.804,NA,-10.7,1.5,46.4,31.3,-6.996541783,3.743513815,49,273,224,832.7,3.70088888888889,12.068115942029
1952,341,"van der Schijff, HP",216,Poaceae,Digitaria eriantha,DE,2531AB,-25.1,31.1557,C4,1.754,2.5,-10.1,2.1,43.3,20.4,-6.996541783,3.135122959,49,273,224,832.7,3.70088888888889,12.068115942029
1953,346,"van der Schijff, HP",2096,Poaceae,Digitaria eriantha,DE,2531AB,-25.0628,31.2225,C4,1.835,3.6,-9.3,1.9,46.2,24.5,-7.010270232,2.311224153,124,284,160,1067.3,6.62919254658385,17.4967213114754
1953,345,"van der Schijff, HP",1668,Poaceae,Digitaria eriantha,DE,2531AB,-25.1244,31.2201,C4,1.672,NA,-9,1.4,44.4,32.2,-7.010270232,2.007799968,124,284,160,1067.3,6.62919254658385,17.4967213114754
1953,337,"van der Schijff, HP",1511,Poaceae,Digitaria eriantha,DE,2531AB,-25.1,31.1557,C4,1.821,NA,-10,1.5,44.2,30.4,-7.010270232,3.019929059,124,284,160,1067.3,6.62919254658385,17.4967213114754
1953,347,"van der Schijff, HP",1640,Poaceae,Digitaria eriantha,DE,2531AB,-25.1,31.1557,C4,1.86,3.1,-9.8,2.1,46.5,21.8,-7.010270232,2.817339697,124,284,160,1067.3,6.62919254658385,17.4967213114754
1953,336,"van der Schijff, HP",1652,Poaceae,Digitaria eriantha,DE,2531AB,-25.1244,31.2201,C4,1.793,NA,-10.1,1.5,46.3,31.6,-7.010270232,3.121254438,124,284,160,1067.3,6.62919254658385,17.4967213114754
1953,342,"van der Schijff, HP",1642,Poaceae,Digitaria eriantha,DE,2531AB,-25.1244,31.2201,C4,1.645,2.7,-10.1,1.4,42.9,30.2,-7.010270232,3.121254438,124,284,160,1067.3,6.62919254658385,17.4967213114754
1954,339,"van der Schijff, HP",3395,Poaceae,Digitaria eriantha,DE,2531AB,-25.1244,31.2201,C4,1.791,0.2,-11.2,1.9,45.9,23.9,-7.02960461,4.217632879,120,239,119,902.9,7.5241666666666696,22.0219512195122
1934,195,"van O'Bruyn, O.",154,Poaceae,Hyparrhenia hirta,HH,2628AA,-26.125,28.125,C4,1.726,-2.4,-10.4,1.6,44.7,28.6,-6.961154178,3.474985673,123,235.375,112.375,712.725,6.424811902864137,12.890918556024701
1959,202,"van Rensburg, W.L.J.",248,Poaceae,Pentameris pallida,PP,3318DD,-33.875,18.875,C3,1.87,1.4,-27.2,2.2,42.6,19.6,-7.067,20.69592928,92,151,59,414,6.9,17.25
1944,7,"Wasserfall, E.",PRE 33399,Poaceae,Digitaria eriantha,DE,2528CA,-25.625,28.125,C4,1.688,6,-10.9,2.1,42.2,20.4,-7.079100425,3.863006344,115,240,125,594.4,4.7226885989790155,10.9180330634278
1947,286,"Wilman, M.",PRE 34692,Poaceae,Pentameris pallida,PP,3322DC,-33.875,22.625,C3,1.744,-1.6,-29.4,1.9,48.3,25.5,-7.013,23.06511436,89,244.5,155.5,407.35,2.610110535831685,7.659516242937849
1974,278,"Wilson, D.",PFS 12,Poaceae,Digitaria eriantha,DE,2429AA,-24.125,29.125,C4,1.669,NA,-11.5,1.4,48.1,33.6,-7.483,4.063732929,88,251,163,587.7,3.6190673575129546,17.23792207792205
1974,276,"Wilson, D.",PFS12A,Poaceae,Digitaria eriantha,DE,2429AA,-24.125,29.125,C4,1.66,NA,-10.6,1.7,48.1,28.8,-7.483,3.150394178,88,251,163,587.7,3.6190673575129546,17.23792207792205
1896,73,"Wolley-Dod, A.H.",1821,Poaceae,Pentameris pallida,PP,3318CD,-33.98333333,18.45,C3,1.931,0.9,-29.6,2.9,44.1,15.4,-6.857648154,23.4360592,123.33333333333333,229.66666666666666,106.33333333333333,363.1666666666667,3.4447907972615432,9.47466813598826
1897,56,"Wolley-Dod, A.H.",3558,Poaceae,Pentameris pallida,PP,3318CD,-33.95,18.46666667,C3,1.63,5.6,-29,1.6,41.4,25.9,-6.796333333,22.86680398,171,282,111,516.7,4.504076065152855,8.6137575757576
2007,334,"Bouchenak-Khelladi, Y",YBK 163,Poaceae,Digitaria eriantha,DE,2531BB,-25.1241,31.5547,C4,1.861,0.6,-12.5,2.8,43.4,15.3,-8.26651815,4.287070228,121.66666666666667,279,157.33333333333334,331.3,14.837724867724868,14.837724867724868
2007,326,"Bouchenak-Khelladi, Y",YBK 235,Poaceae,Digitaria eriantha,DE,2331DC,-23.5233,31.3504,C4,1.828,1.3,-13.1,1.8,41.8,23.5,-8.26651815,4.897640946,140,275,135,223.09999999999997,11.795,11.795
2007,333,"Bouchenak-Khelladi, Y",YBK 133,Poaceae,Digitaria eriantha,DE,2531BB,-25.1134,31.4619,C4,1.724,2.7,-13.5,2.4,47.4,19.4,-8.26651815,5.30510071,121.66666666666667,279,157.33333333333334,331.3,14.837724867724868,14.837724867724868
2005,325,"Hauser, JR; Vaughan, AK",s.n.,Poaceae,Digitaria eriantha,DE,2231CA,22.4129,-22.4129,C4,1.694,NA,-13,1.5,45.8,30.6,-8.206351483,4.856786744,144,224,80,188.4,5.541176470588231,6.07741935483871
2005,323,"Morrison, E; Klasen, M",4,Poaceae,Digitaria eriantha,DE,2231CA,22.4227,-22.4227,C4,1.718,6.8,-13.6,2.1,47.3,22.5,-8.206351483,5.4680135,144,224,80,188.4,5.541176470588231,6.07741935483871
1971,332,Stephen; Oakes,154;1394,Poaceae,Digitaria eriantha,DE,2531BB,-25.0709,31.5458,C4,1.826,4.8,-11,2.6,45.5,17.3,-7.3475,3.693124368,132.5,285,152.5,519.6999999999999,15.07138655462185,15.30770562770565
